hafriyat kamyonu kaç m3	12	0
istanbul hafriyat döküm fiyatları 2026	8	0
istanbul hafriyat döküm fiyatları 2025	8	1
hafriyat kamyonu fiyatları	7	0
hafriyat döküm belgesi nereden alınır	6	0
hafriyat döküm ücreti	6	0
hafriyat nasıl yazılır tdk	6	0
hafriyat toprağı inşaat ve yıkıntı atıklarının kontrolü yönetmeliği	6	0
hafriyat toprağı taşıma ve kabul belgesi	6	0
istanbul hafriyat döküm ücreti	6	0
moloz çuvalı	6	0
temel kazısı kaç gün sürer	6	0
hafriyat döküm sahası izin belgesi	6	1
hafriyat döküm sahası yönetmeliği	6	1
hafriyat mı harfiyat mı	5	0
hafriyat taşıma izin belgesi	5	0
temel kazısı nasıl yapılır	5	0
bina temel kazısı nasıl yapılır	5	1
hafriyat döküm ücreti ankara	5	1
hafriyat kamyonu hangi ehliyet kullanır	5	1
hafriyat toprağı inşaat ve yıkıntı atıklarının kontrolü yönetmeliği değişiklik	5	1
hafriyat toprağı inşaat ve yıkıntı atıklarının kontrolü yönetmeliği mevzuat	5	2
hafriyat döküm ücreti 2026	5	3
moloz çuvalı fiyatları en ucuz	5	5
bursa moloz taşıma fiyatları	4	0
eskişehir moloz taşıma fiyatları	4	0
hafriyat döküm sahası	4	0
hafriyat döküm sahası nasıl belirlenir	4	0
hafriyat fiyat teklifi örneği	4	0
hafriyat kamyonu	4	0
hafriyat kamyonu hangi k belgesi	4	0
hafriyat kamyonu iş ilanları	4	0
hafriyat kamyonu kiralama fiyatları	4	0
hafriyat kamyonu ne kadar kazanır	4	0
hafriyat kamyonu nedir	4	0
hafriyat kamyonu sahibinden	4	0
hafriyat nasıl yazılır	4	0
hafriyat taşıma belgesi	4	0
hafriyat taşıma kabul belgesi	4	0
hafriyat toprağı taşıma izin belgesi	4	0
hafriyat toprağı yönetmeliği	4	0
istanbul hafriyat döküm bedeli	4	0
istanbul hafriyat döküm sahaları	4	0
istanbul hafriyat tır şoförü iş ilanları	4	0
istaç hafriyat döküm fiyatları	4	0
mini kepçe kiralama fiyatları	4	0
moloz alımı	4	0
moloz atma ücreti	4	0
moloz atımı	4	0
moloz döküm yeri	4	0
moloz fiyatları	4	0
moloz kaldırma ücreti	4	0
moloz nasıl yazılır	4	0
moloz nedir	4	0
moloz taşıma	4	0
moloz taşıma arabası	4	0
moloz taşıma fiyatları	4	0
moloz taşıma çuvalı	4	0
moloz taşıma ücreti	4	0
belediye moloz taşıma fiyatları istanbul	4	1
hafriyat kamyonu kaç ton	4	1
hafriyat kamyonu ne kadar	4	1
hafriyat kamyonu sefer fiyatları	4	1
istanbul hafriyat döküm fiyatları	4	1
istanbul hafriyat m3 fiyatları	4	1
kamyon ile kamyonet arasındaki fark	4	1
kaçak hafriyat döküm cezaları	4	1
moloz cezası ne kadar	4	1
moloz nasıl atılır	4	1
hafriyat döküm ücreti 2025	4	2
hafriyat hesabı nasıl yapılır	4	2
hafriyat kamyonu hangi src belgesi	4	2
hafriyat toprağı inşaat yıkıntı atıkları taşıma izin belgesi	4	2
kepçe kiralama fiyatları aylık	4	2
kepçe kiralama saati ne kadar	4	2
moloz döküm ücreti	4	2
moloz esnaf lokantası	4	2
hafriyat toprağı inşaat yıkıntı atıklarının kontrolü yönetmeliği	4	3
kamyonet ve kamyon farkı	4	3
moloz dökmenin cezası ne kadar	4	3
hafriyat toprağı inşaat ve yıkıntı atıkları yönetmeliği	4	4
hafriyat çalışması nedir	4	4
ankara hafriyat döküm ücreti 2026	4	5
hafriyat toprağı inşaat ve yıkıntı atıklarının kontrolü	4	5
kocaeli hafriyat döküm fiyatları	4	6
1 kamyon kaç m3 toprak alır	3	0
1 kamyon mıcır fiyatı	3	0
ankara hafriyat firmaları	3	0
antalya hafriyat firmaları	3	0
bursa hafriyat firmaları	3	0
dökme çimento ton fiyatı 2026	3	0
gebze hafriyat döküm sahası	3	0
hafriyat döküm fişi	3	0
hafriyat döküm parası ne kadar	3	0
hafriyat döküm sahası ücreti	3	0
hafriyat döküm yeri ruhsatı nasıl alınır	3	0
hafriyat fiyatları	3	0
hafriyat izin belgesi	3	0
hafriyat kabul belgesi	3	0
hafriyat m3 fiyatı	3	0
hafriyat maliyeti hesaplama	3	0
hafriyat topra depolama alani izin belgesi	3	0
hafriyat toprağı ne demek	3	0
hafriyat yönetmeliği	3	0
hafriyat ücreti	3	0
hafriyat şirketi	3	0
istanbul da hafriyat şöförü arayan firmalar	3	0
istanbul hafriyat firmaları	3	0
istanbul hafriyat fiyatları	3	0
istanbul hafriyat iş ilanları	3	0
istanbul moloz & hafriyat & nakliye & kırım yorumlar	3	0
izmir hafriyat firmaları	3	0
izmir hafriyat firması	3	0
kepçe kiralama fiyatları	3	0
kepçe kiralama sözleşmesi örneği	3	0
konya hafriyat firmaları	3	0
mini kepçe kiralama	3	0
moloz dökme cezası 2026	3	0
moloz hattı	3	0
moloz kamyonu	3	0
moloz konteyneri	3	0
moloz nakliye	3	0
moloz ne demek	3	0
moloz nereye atılır	3	0
moloz toplama	3	0
moloz ücreti	3	0
nilüfer kepçe kiralama karakurt hafriyat	3	0
silobas hortumu	3	0
silobas nedir	3	0
temel kazı hesabı nasıl yapılır	3	0
temel kazısı birim fiyat	3	0
temel kazısı kot verme	3	0
temel kazısı sırasında zeminden su çıkması durumunda ne yapılır	3	0
çerkezköy hafriyat döküm sahası	3	0
ümraniye belediye moloz taşıma fiyatları	3	0
şile hafriyat döküm sahası	3	0
bir kamyon kaç m3 toprak alır	3	1
bursa belediye moloz taşıma fiyatları	3	1
dökme çimento ton fiyatı	3	1
eskişehir hafriyat döküm sahaları	3	1
hafriyat döküm belgesi	3	1
hafriyat döküm izin belgesi	3	1
hafriyat fiyatları 2026	3	1
hafriyat kamyonu nasıl yazılır	3	1
hafriyat kamyonu saatlik ücret	3	1
hafriyat nedir inşaat	3	1
hafriyat sözleşmesi	3	1
ibb hafriyat kabul belgesi	3	1
istanbul hafriyat döküm yerleri	3	1
izmir belediye moloz taşıma fiyatları	3	1
jcb kepçe kiralama fiyatları	3	1
kepçe kiralama fiyatları 2026	3	1
kocaeli hafriyat firmaları	3	1
moloz atma cezası	3	1
moloz dökme cezası	3	1
moloz döküm sahası	3	1
moloz kaldırma	3	1
moloz kamyonu fiyatları	3	1
moloz taş duvar	3	1
moloz taşıma bursa	3	1
moloz çuval fiyatları	3	1
sakarya hafriyat firmaları	3	1
silobas dorse fiyatları	3	1
silobas hortumu fiyatları	3	1
silobas nakliye firmaları	3	1
tekirdağ hafriyat döküm sahası	3	1
çekmeköy hafriyat kamyonu	3	1
çorlu hafriyat döküm sahası	3	1
ücretsiz moloz atımı	3	1
ankara mini kepçe kiralama yıkım kırım hafriyat	3	2
belediye moloz taşıma fiyatları	3	2
hafriyat döküm izni nasıl alınır	3	2
hafriyat kamyonu kaç ton taşır	3	2
hafriyat taşıma izin belgesi nasıl alınır	3	2
hafriyat toprağı ve inşaat yıkıntı atıkları taşıma ve kabul belgesi örneği	3	2
kocaeli hafriyat döküm sahaları	3	2
mini kepçe kiralama ankara	3	2
moloz atma	3	2
moloz çuvalı koçtaş	3	2
muğla hafriyat döküm sahası	3	2
silobas kompresör fiyatları	3	2
silobas nakliye fiyatları	3	2
tuzla hafriyat döküm sahası	3	2
üsküdar hafriyat kamyonu	3	2
ankara hafriyat döküm ücreti 2025	3	3
hafriyat döküm sahası istanbul	3	3
hafriyat kamyonu kaç m3 alır	3	3
ibb hafriyat taşıma izin belgesi	3	3
incek hafriyat döküm alanı	3	3
kepçe kiralama fiyatları 2025	3	3
moloz atma yeri	3	3
moloz döküm	3	3
moloz meydan arası kaç km	3	3
moloz çuvalı nerede satılır	3	3
paletli kepçe kiralama fiyatları	3	3
üsküdar hafriyat kamyonu kazası	3	3
şile hafriyat kamyonu kazası	3	3
belediye moloz taşıma fiyatları 2024	3	4
bursa hafriyat döküm fiyatları	3	4
hafriyat alanı nedir	3	4
hafriyat cezası ne kadar	3	4
hafriyat döküm sahası açmak	3	4
hafriyat şirketi nedir	3	4
moloz çuvalı belediye	3	4
hafriyat bedeli nedir	3	5
hafriyat harcı ne kadar	3	5
hafriyat çuvalı fiyatları	3	5
istanbul hafriyat döküm fiyatları 2024	3	5
kazan hafriyat döküm alanı	3	5
konya hafriyat döküm sahası	3	5
mini kepce kiralama altındağ yorumları	3	5
hafriyat döküm sahası fiyatları	3	6
hafriyat işi ne kadar kazandırır	3	6
ibb hafriyat döküm ücreti	3	6
moloz alma ücreti	3	6
moloz çuvalı ölçüleri	3	7
paletli kepçe aylık kiralama fiyatları	3	7
1 kamyon çakıl fiyatı 2026	2	0
1 ton kum fiyatı	2	0
1 ton çakıl fiyatı	2	0
adapazarı hafriyat	2	0
ankara mini kepçe kiralık paletli ekskavatör	2	0
antalya moloz taşıma	2	0
ataşehir hafriyat	2	0
avcılar hafriyat	2	0
bahçelievler hafriyat	2	0
balıkesir kepçe kiralama	2	0
bayrampaşa hafriyat	2	0
bağcılar hafriyat firmaları	2	0
başakşehir hafriyat	2	0
beylikdüzü hafriyat	2	0
beşiktaş hafriyat	2	0
bolu hafriyat firmaları	2	0
bolu kepçe kiralama	2	0
dolgu toprağı fiyatı	2	0
dökme çimento fiyatları	2	0
düzce kepçe kiralama	2	0
edirne hafriyat	2	0
edirne hafriyat firmaları	2	0
edirne kepçe kiralama	2	0
esenler hafriyat	2	0
esenyurt kepçe kiralama	2	0
eskişehir kepçe kiralama	2	0
eyüpsultan hafriyat	2	0
gaziosmanpaşa hafriyat	2	0
gebze hafriyat firmaları	2	0
gebze kepçe kiralama	2	0
hadımköy hafriyat	2	0
hafriyat bağcılar	2	0
hafriyat belgesi	2	0
hafriyat belgesi nereden alınır	2	0
hafriyat bilgi sistemi	2	0
hafriyat birim fiyat	2	0
hafriyat birim fiyat analizi	2	0
hafriyat bulmaca	2	0
hafriyat döküm alanı	2	0
hafriyat döküm cezası	2	0
hafriyat döküm izni	2	0
hafriyat döküm sahası açık mı	2	0
hafriyat esenyurt	2	0
hafriyat eskişehir	2	0
hafriyat firmaları	2	0
hafriyat firması	2	0
hafriyat fiyat hesaplama	2	0
hafriyat fiyat listesi	2	0
hafriyat gebze	2	0
hafriyat hangi dilden gelir	2	0
hafriyat hesaplama	2	0
hafriyat işi nedir	2	0
hafriyat işleri	2	0
hafriyat kamyonu aylık kazancı	2	0
hafriyat kamyonu döküm fiyatları	2	0
hafriyat kamyonu kiralama	2	0
hafriyat kamyonu lastik fiyatları	2	0
hafriyat kamyonu nasıl kullanılır	2	0
hafriyat kamyonu çalışma saatleri	2	0
hafriyat kamyonu ücreti	2	0
hafriyat kazı sözleşmesi̇	2	0
hafriyat kaç gün sürer	2	0
hafriyat nakliye fiyatları	2	0
hafriyat nakliye pozu	2	0
hafriyat ne demek	2	0
hafriyat ne kadar kazanır	2	0
hafriyat nedir	2	0
hafriyat online	2	0
hafriyat pendik	2	0
hafriyat toprağı atık kodu	2	0
hafriyat toprağı satışı	2	0
hafriyat toprağı ve inşaat/yıkıntı atıkları taşıma izin belgesi	2	0
hafriyat uygulaması	2	0
hafriyat çalışma saatleri	2	0
hafriyat çanakkale	2	0
hafriyat ümraniye	2	0
inşaat temel kazı fiyatları	2	0
istanbul hafriyat grupları	2	0
istanbul hafriyat kamyonu iş ilanları	2	0
istanbul moloz taşıma	2	0
izmir moloz taşıma	2	0
izmit kepçe kiralama	2	0
jcb kepçe kiralama	2	0
kadıköy hafriyat	2	0
kamyon kiralama fiyatları	2	0
kazı kazan ne kadar	2	0
kazı ve dolgu işleri teknik şartnamesi	2	0
kağıthane hafriyat	2	0
kepce kiralama ne kadar	2	0
kepçe kiralama kdv tevkifatı	2	0
kepçe kiralama tevkifat	2	0
kepçe kiralama tevkifat oranı	2	0
kocaeli hafriyat yönetim	2	0
konya kepçe kiralama	2	0
konya moloz taşıma	2	0
kum fiat fiyat listesi	2	0
kum hotel fiyat	2	0
kurtköy hafriyat firmaları	2	0
küçükçekmece hafriyat	2	0
kırklareli hafriyat	2	0
lüleburgaz hafriyat	2	0
lüleburgaz kepçe kiralama	2	0
maltepe hafriyat	2	0
mamak hafriyat döküm sahası telefon numarası	2	0
manisa hafriyat firmaları	2	0
manisa kepçe kiralama	2	0
mermer tozu fiyat	2	0
mini kepçe kiralama yorumlar	2	0
molos restaurant kavala	2	0
moloz belediye	2	0
moloz camii	2	0
moloz esenyurt	2	0
moloz gasilhane	2	0
moloz ingilizce	2	0
moloz japon pazarı	2	0
moloz kulesi	2	0
moloz lezzet lokantası	2	0
moloz mermer	2	0
moloz ne kadar	2	0
moloz otobüs durağı	2	0
moloz pideci	2	0
moloz süpürgesi	2	0
moloz taşıma belediye	2	0
moloz taşıma kovası	2	0
moloz taşıma pozu	2	0
moloz taşıma tevkifat	2	0
moloz ulusoy derya	2	0
moloz vakum makinesi	2	0
moloz yığını	2	0
moloz ziraat atm	2	0
moloz ödeme	2	0
moloz şutu	2	0
muğla hafriyat firmaları	2	0
pendik moloz taşıma	2	0
rüyada hafriyat toprağı görmek	2	0
rüyada temel kazısı görmek	2	0
sakarya kepçe kiralama	2	0
sancaktepe hafriyat	2	0
sancaktepe hafriyat firmaları	2	0
sarıyer hafriyat	2	0
silivri kepçe kiralama	2	0
silobas dorse	2	0
silobas elektrik fişi	2	0
silobas firmaları	2	0
silobas fiyatları	2	0
silobas iş ilanları	2	0
silobas kiralama	2	0
silobas kompresörü	2	0
silobas nakliye	2	0
silobas patlaması	2	0
silobas tır	2	0
silobas üst kapak contası	2	0
silobas şoförü	2	0
sultanbeyli hafriyat	2	0
sultanbeyli kepçe kiralama	2	0
sultangazi hafriyat	2	0
tekirdağ hafriyat firmaları	2	0
temel kazı derinliği hesabı	2	0
temel kazısı aşamaları	2	0
temel kazısı nedir	2	0
temel kazısı pozu	2	0
temel kazısı yapılması pozu	2	0
tuzla hafriyat	2	0
tuzla hafriyat firmaları	2	0
tuzla kepçe kiralama	2	0
yalova hafriyat firmaları	2	0
yalova kepçe kiralama	2	0
zeytinburnu hafriyat	2	0
çatalca hafriyat	2	0
çatalca hafriyat firmaları	2	0
çatalca kepçe kiralama	2	0
çekmeköy hafriyat	2	0
çerkezköy hafriyat firmaları	2	0
çerkezköy kepçe kiralama	2	0
çorlu kepçe kiralama	2	0
üsküdar hafriyat	2	0
üsküdar hafriyat firmaları	2	0
şile hafriyat	2	0
şile kepçe kiralama	2	0
şişli hafriyat	2	0
adapazarı hafriyat firmaları	2	1
ankara kepçe kiralama yorumlar	2	1
arnavutköy hafriyat firmaları	2	1
ataşehir hafriyat firmaları	2	1
avcılar hafriyat firmaları	2	1
bahçelievler hafriyat kamyonu	2	1
balıkesir hafriyat firmaları	2	1
bandırma hafriyat firmaları	2	1
başakşehir hafriyat firmaları	2	1
belediye hafriyat ücreti	2	1
belediye moloz taşıma ücreti	2	1
beykoz hafriyat firmaları	2	1
beylikdüzü hafriyat firmaları	2	1
bina yıkım ve hafriyat fiyatları	2	1
bursada moloz nereye dökülür	2	1
büyükçekmece hafriyat firmaları	2	1
damperli kamyon kiralama fiyatları	2	1
düzce hafriyat firmaları	2	1
esenyurt hafriyat firmaları	2	1
eskişehir hafriyat firmaları	2	1
hadımköy hafriyat firmaları	2	1
hafriyat atıkları yönetmeliği	2	1
hafriyat döküm alanı ankara	2	1
hafriyat döküm yönetmeliği	2	1
hafriyat firmaları istanbul	2	1
hafriyat fiyat teklifi	2	1
hafriyat hangi sektör	2	1
hafriyat hesaplama programı	2	1
hafriyat ibb gov tr	2	1
hafriyat işi	2	1
hafriyat işlerinde kdv tevkifatı	2	1
hafriyat kamyonları	2	1
hafriyat kamyonu alıp kiraya vermek	2	1
hafriyat kamyonu ehliyeti kaç yaşında alınır	2	1
hafriyat kamyonu fiyatları sahibinden	2	1
hafriyat kamyonu için hangi ehliyet gerekli	2	1
hafriyat kamyonu oyuncak tır volvo	2	1
hafriyat kamyonu şoförü iş ilanı	2	1
hafriyat kaç para	2	1
hafriyat m3 fiyatı 2026	2	1
hafriyat maviye karışsam	2	1
hafriyat ne kadar	2	1
hafriyat çuvalı	2	1
hafriyat şirketi kurmak için gerekli belgeler	2	1
istanbul hafriyat kamyon kazası	2	1
istanbul hafriyat whatsapp grubu	2	1
istanbul hafriyat şöför ilanları	2	1
izmir silobas firmaları	2	1
izmit hafriyat firmaları	2	1
japonya moloz	2	1
kadıköy hafriyat firmaları	2	1
kartal hafriyat firmaları	2	1
kağıthane hafriyat firmaları	2	1
kepçe kiralama işi nasıl	2	1
kepçe kiralama nace kodu	2	1
kepçe kiralama sözleşmesi	2	1
kurtköy hafriyat	2	1
küçükçekmece hafriyat firmaları	2	1
kırklareli hafriyat firmaları	2	1
lüleburgaz hafriyat firmaları	2	1
maltepe hafriyat firmaları	2	1
mamak hafriyat döküm sahası	2	1
mermer tozu fiyatları	2	1
molos restoran yorumlar	2	1
moloz atımı fiyatları istanbul	2	1
moloz borusu	2	1
moloz eczane	2	1
moloz fırçası	2	1
moloz geri dönüşüm tesisi	2	1
moloz hattı belediye	2	1
moloz insan ne demek	2	1
moloz konteyneri fiyatı	2	1
moloz lokanta	2	1
moloz mu moloz mu	2	1
moloz otopark	2	1
moloz parçalama makinesi	2	1
moloz satılır mı	2	1
moloz taş	2	1
moloz taşıma ankara	2	1
moloz toplama ücreti	2	1
moloz ufalama makinesi	2	1
moloz vakum makinesi fiyatları	2	1
moloz yoğunluğu	2	1
moloz ziraat bankası	2	1
moloz çuvalı fiyatı	2	1
moloz ödemesi	2	1
moloz üstüne beton	2	1
molozşut	2	1
muğla hafriyat	2	1
pendik hafriyat firmaları	2	1
rüyada hafriyat kamyonu görmek	2	1
sarıyer hafriyat firmaları	2	1
silivri hafriyat firmaları	2	1
silobas ingilizcesi	2	1
silobas kamyon	2	1
silobas operatörü nedir	2	1
silobas tanker	2	1
silobas uzunluğu	2	1
silobas yari römork	2	1
silobas çalışma prensibi	2	1
silobas şoförü nedir	2	1
stabilize malzeme fiyatı	2	1
sultanbeyli hafriyat firmaları	2	1
sultangazi hafriyat firmaları	2	1
yıkanmış dere kumu	2	1
yıkım hafriyat fiyatları	2	1
zeytinburnu hafriyat firmaları	2	1
çanakkale hafriyat firmaları	2	1
çorlu hafriyat firmaları	2	1
ümraniye hafriyat firmaları	2	1
şişli hafriyat firmaları	2	1
adıgüzel hafriyat sultanbeyli	2	2
aktaş hafriyat bağcılar	2	2
ankara hafriyat döküm sahaları	2	2
ankara hafriyat iş ilanları	2	2
ankarada moloz nereye dökülür	2	2
antalya hafriyat soruşturması	2	2
arnavutköy hafriyat döküm sahası	2	2
arnavutköy hafriyat kamyonu kazası	2	2
balıkesir hafriyat bilgi sistemi	2	2
balıkesir hafriyat yönetim bilgi sistemi	2	2
bağlum hafriyat döküm alanı	2	2
beykoz hafriyat yorumları	2	2
bir kamyon kaç m3	2	2
bitişik nizam temel kazısı nasıl yapılır	2	2
bolu hafriyat kamyonu kazası	2	2
bursa hafriyat bilgi sistemi	2	2
bursa hafriyat yönetim bilgi sistemi	2	2
büyükçekmece hafriyat kamyonu kazası	2	2
düzce hafriyat seçkin	2	2
esenyurt hafriyat kamyonu	2	2
eskişehir hafriyat iş ilanları	2	2
gebze hafriyat şoför is ilanları	2	2
gökmen hafriyat çatalca	2	2
güven silobas fiyatları	2	2
hafriyat döküm bedeli pozu	2	2
hafriyat döküm sahaları	2	2
hafriyat fiyatları 2025	2	2
hafriyat hangi dil	2	2
hafriyat kamyonu için gerekli belgeler	2	2
hafriyat kamyonu işi nasıl	2	2
hafriyat kamyonu kasa ölçüleri	2	2
hafriyat kamyonu ne kadar mazot yakar	2	2
hafriyat kazı izni nasıl alınır	2	2
hafriyat m3 fiyatı 2025	2	2
hafriyat nakliye birim fiyat	2	2
hafriyat nasıl yapılır	2	2
hafriyat ne kadar sürer	2	2
hafriyat nedir nasıl yapılır	2	2
hafriyat çalışması	2	2
istanbul anadolu yakası hafriyat firmaları	2	2
izmir hafriyat bilgi sistemi	2	2
izmit hafriyat yorumlar	2	2
kartal hafriyat nakliyat ve toprak sanayi limited şirketi	2	2
kartal hafriyat polatlı	2	2
kazan hafriyat lüleburgaz	2	2
kaçak hafriyat dökme cezası 2025	2	2
konya hafriyat iş ilanları	2	2
kum çakıl fiyatları	2	2
kırklareli hafriyat döküm sahası	2	2
maltepe hafriyat kamyonu	2	2
manisa hafriyat bilgi sistemi	2	2
manisa hafriyat yönetim bilgi sistemi	2	2
molos restaurant thassos	2	2
moloz balıkçı pazarı	2	2
moloz cami trabzon	2	2
moloz fındık alım	2	2
moloz gündoğdu	2	2
moloz hafriyat	2	2
moloz için çuval	2	2
moloz lahmacun	2	2
moloz meydan	2	2
moloz nakli pozu	2	2
moloz nasıl değerlendirilir	2	2
moloz otobüs garajı	2	2
moloz petshop	2	2
moloz sahil taksi	2	2
moloz trabzon	2	2
moloz umplutura	2	2
moloz ve çaplanmış moloz taş inşaat yüzlerine gömme oluklu derz yapılması	2	2
moloz yeni cami	2	2
moloz ziraat	2	2
moloz çuvalı ne kadar	2	2
moloz öğütme makinesi	2	2
moloz üzer otel	2	2
moloz şikayet	2	2
sakarya hafriyat iş ilanları	2	2
sarıyer hafriyat kiralık kepçe jcb	2	2
silivri hafriyat döküm sahası	2	2
silobas dorse nedir	2	2
silobas emniyet ventili	2	2
silobas flanş civatası	2	2
silobas hangi src belgesi	2	2
silobas kaç ton çimento alır	2	2
silobas tır nedir	2	2
stabilize dolgu fiyatı	2	2
stabilize dolgu malzemesi	2	2
sultangazi hafriyat kamyonu kazası	2	2
trabzon moloz japon pazarı	2	2
tutkunlar hafriyat beylikdüzü	2	2
umut hafriyat sancaktepe	2	2
venüs hafriyat edirne	2	2
yalova hafriyat döküm sahası	2	2
çekmeköy hafriyat firmaları	2	2
çerkezköy hafriyat inşaat	2	2
ünallar hafriyat pendik	2	2
şile hafriyat firmaları	2	2
abc hafriyat çanakkale	2	3
adana silobas firmaları	2	3
akkaya hafriyat beykoz	2	3
antalyada moloz nereye dökülür	2	3
atasoy hafriyat sultanbeyli	2	3
belediyeden moloz nasıl alınır	2	3
bitişik nizam binalarda temel kazısı nasıl yapılır	2	3
bursa hafriyat döküm sahalari	2	3
bursa hafriyat iş ilanları	2	3
damperli hafriyat kamyonu hangi ehliyet kullanır	2	3
dökme çimento ton fiyatı 2025	2	3
erdem hafriyat lüleburgaz	2	3
esenyurt hafriyat iş ilanları	2	3
fidan hafriyat edirne	2	3
hafriyat dorse fiyatları	2	3
hafriyat güzergah izin belgesi	2	3
hafriyat işinde para varmı	2	3
hafriyat kamyonu aylık getirisi	2	3
hafriyat kamyonu dorse ölçüleri	2	3
hafriyat kamyonu ford cargo	2	3
hafriyat kamyonu kazancı	2	3
hafriyat kamyonu ne kadar kazandırır	2	3
hafriyat kamyonu çadır cezası	2	3
hafriyat nasıl hesaplanır	2	3
hafriyat yönetim bilgi sistemi izmir	2	3
hafriyat çalışması tevkifat	2	3
izmir hafriyat döküm sahaları	2	3
izmir hafriyat iş ilanları	2	3
izmit hafriyat iş ilanları	2	3
jgheab moloz	2	3
kemalpaşa mini kepçe kiralama yorumları	2	3
kepçe kiralama saati	2	3
kocaeli hafriyat şube müdürlüğü	2	3
küçükler hafriyat düzce	2	3
mini kepçe kiralama izmir	2	3
molos restoran limenaria yorumları	2	3
moloz bırakma cezası	2	3
moloz eş anlamlısı	2	3
moloz fırın	2	3
moloz geri dönüşüm	2	3
moloz hafriyat pozu	2	3
moloz işi	2	3
moloz kaydırağı	2	3
moloz la sac	2	3
moloz otel	2	3
moloz petrol	2	3
moloz satılık dükkan	2	3
moloz toplama konteyneri	2	3
moloz urban	2	3
moloz ve çaplanmiş moloz taş inşaat yüzeylerine gömme oluklu derz yapilmasi	2	3
moloz yol tarifi	2	3
moloz zalau	2	3
moloz çekme makinesi	2	3
moloz özgüneş	2	3
moloz üst geçit	2	3
moloz şikayeti nereye yapılır	2	3
muğla hafriyat şoför is ilanları	2	3
otomatik hafriyat kamyonu nasıl kullanılır	2	3
polat hafriyat tekirdağ	2	3
sakarya hafriyat döküm sahası	2	3
silobas dolum körüğü	2	3
silobas operatörü belgesi nasıl alınır	2	3
silobas yedek parçaları	2	3
taş hafriyat silivri yorumları	2	3
yakar hafriyat kırklareli	2	3
yıldız hafriyat tuzla	2	3
özbek hafriyat bandırma	2	3
1 ton çakıllı kum fiyatı	2	4
ankara mini kepçe ekskavatör kiralama	2	4
antalya hafriyat iş ilanları	2	4
arnavutköy hafriyat kamyonu	2	4
aydın hafriyat muğla	2	4
balıkesir hafriyat sistemi	2	4
bayramoğlu hafriyat çerkezköy	2	4
bursa hafriyat şoför is ilanları	2	4
en iyi hafriyat kamyonu hangisi	2	4
erdal hafriyat kırklareli	2	4
ezvan hafriyat sultanbeyli	2	4
gebze hafriyat şirketi	2	4
gezici hafriyat çorlu	2	4
hafriyat kamyonu eni kaç cm	2	4
hafriyat kamyonu kaç ton alır	2	4
hafriyat kamyonu nereye şikayet edilir	2	4
hafriyat kamyonu taşıma fiyatları	2	4
hafriyat kamyonu şikayet hattı	2	4
hafriyat nasıl	2	4
hafriyat saat ücreti	2	4
hafriyat taşıma yönetmeliği	2	4
hafriyat taşıma ücretleri	2	4
izmir hafriyat döküm sahası	2	4
izmir moloz fiyatları	2	4
kartal hafriyat bodrum	2	4
kaya hafriyat tekirdağ	2	4
kaçak hafriyat dökme cezası 2026	2	4
kocaeli hafriyat iş ilanları	2	4
kocaeli hafriyat yönetim bilgi sistemi	2	4
konya hafriyat kamyonu	2	4
mamak hafriyat döküm sahası yorumlar	2	4
mercedes hafriyat kamyonu fiyatları	2	4
mini kepçe kiralama antalya	2	4
molos restoran limenaria resimleri	2	4
moloz atma ücreti ne kadar	2	4
moloz bariyeri	2	4
moloz cezası	2	4
moloz etimoloji	2	4
moloz fındıkçı	2	4
moloz garanti bankası	2	4
moloz hamam	2	4
moloz hesabı nasıl yapılır	2	4
moloz için belediye	2	4
moloz lugoj	2	4
moloz maçka otobüs saatleri	2	4
moloz oluğu	2	4
moloz pide	2	4
moloz sushi	2	4
moloz tg jiu	2	4
moloz urban sector 6	2	4
moloz veteriner	2	4
moloz yığını ne demek	2	4
moloz öğütücü	2	4
moloz şikayet izmir	2	4
rüyada hafriyat kamyonu görmek diyanet	2	4
silobas araç nedir	2	4
silobas dorse ölçüleri	2	4
silobas kamyon fiyatları	2	4
silobas kapak contası	2	4
silobas trailer	2	4
silobas tır şoförü arayan firmalar	2	4
sincan hafriyat döküm alanı	2	4
taş hafriyat silivri	2	4
tekden hafriyat edirne	2	4
yüce hafriyat izmit	2	4
zeytinburnu moloz hattı	2	4
ümraniye moloz hattı	2	4
şişman hafriyat eskişehir	2	4
aktı hafriyat yalova	2	5
ankara hafriyat döküm bedeli	2	5
ankara hafriyat döküm yerleri	2	5
balıkesir hafriyat döküm sahası	2	5
belediye moloz ücreti ne kadar	2	5
beşikdüzü hafriyat döküm alanı	2	5
dgn hafriyat izmit	2	5
emek hafriyat çerkezköy	2	5
gebze hafriyat iş ilanları	2	5
hafriyat kamyonu deposu kaç litre	2	5
hafriyat nasıl okunur	2	5
istanbul avrupa yakası hafriyat firmaları	2	5
kartal hafriyat menemen	2	5
kaçak hafriyat dökme cezası	2	5
mamak hafriyat döküm sahası yol tarifi	2	5
molos restaurant	2	5
moloz atımı belediye	2	5
moloz bacası	2	5
moloz cinayeti	2	5
moloz english	2	5
moloz firması	2	5
moloz geri dönüşüm olur mu	2	5
moloz hanife hatun camii	2	5
moloz iş bankası	2	5
moloz kırma makinesi	2	5
moloz la tava	2	5
moloz masaj salonu	2	5
moloz olmak	2	5
moloz parçası	2	5
moloz spa	2	5
moloz taşı	2	5
moloz torbası fiyatları	2	5
moloz vakfıkebir durağı	2	5
moloz vintu de jos	2	5
moloz yığını belediye	2	5
moloz çöp	2	5
moloz özer çiftlik	2	5
moloz şikayet istanbul	2	5
nur hafriyat çorlu	2	5
saatlik kepçe kiralama fiyatları	2	5
silobas havalı vana	2	5
silobas tır şoförü	2	5
trabzon moloz nasıl gidilir	2	5
umraniye moloz alma	2	5
uysal hafriyat düzce	2	5
zeytinburnu moloz	2	5
çakıroğlu hafriyat kırklareli	2	5
öztaş hafriyat edirne	2	5
özyılmazlar hafriyat sultanbeyli	2	5
üsküdar moloz hattı	2	5
10 teker kamyon kaç ton yük alır	2	6
aksu hafriyat çerkezköy	2	6
ankara hafriyat fiyatları	2	6
ankara hafriyat kamyonu kazası	2	6
antalya hafriyat soruşturması son dakika	2	6
coşu hafriyat eskişehir	2	6
dying light moloz nasıl öldürülür	2	6
hafriyat atma ücreti	2	6
hafriyat kamyonu kaç m3 toprak alır	2	6
hafriyat kamyonu ne iş yapar	2	6
hafriyat kamyonu src belgesi	2	6
hafriyat nasıl alınır	2	6
hafriyat çalışması kdv tevkifatı	2	6
inchiriere jgheab moloz	2	6
izmir hafriyat fiyatları	2	6
kaplanoğlu hafriyat düzce	2	6
kartal hafriyat geyve	2	6
kaçak hafriyat	2	6
konya hafriyat şoförü iş ilanları	2	6
man hafriyat kamyonu fiyatları	2	6
moloz büyük cami	2	6
moloz cezası 2025	2	6
moloz dökme yeri	2	6
moloz eşya mıdır	2	6
moloz fındık	2	6
moloz görele dolmuş saatleri	2	6
moloz hastalığı	2	6
moloz izmir	2	6
moloz kovası	2	6
moloz la saci	2	6
moloz müzesi	2	6
moloz oyuncakçı	2	6
moloz pozu	2	6
moloz rüştü nün fırını	2	6
moloz sahil	2	6
moloz taş duvar pozu	2	6
moloz ve hafriyat	2	6
moloz yakamoz pastanesi	2	6
moloz çiçekçi	2	6
moloz öğütme	2	6
moloz şutu izmir	2	6
uysallar moloz	2	6
zabıta moloz cezası	2	6
çakır hafriyat şile	2	6
çakıroğlu hafriyat kırklareli yorumlar	2	6
çelik hafriyat izmit kocaeli fotoğraflar	2	6
önder hafriyat çorlu	2	6
ümraniye moloz	2	6
ışık hafriyat edirne	2	6
abb hafriyat döküm ücreti	2	7
arın hafriyat çorlu	2	7
aydınlar hafriyat kırklareli	2	7
e moloz	2	7
göltaş hafriyat izmit	2	7
günlük kepçe kiralama fiyatları	2	7
hafriyat döküm sahası ankara	2	7
hafriyat kamyonları ne kadar kazanıyor	2	7
hafriyat kamyonu kaç lt yakar	2	7
hafriyat nasıl olunur	2	7
hafriyat toprağı nedir	2	7
hafriyat tır fiyatları	2	7
istanbul avrupa yakası hafriyat iş ilanları	2	7
izmir hafriyat kamyonu	2	7
kartal hafriyat fotoğraflar	2	7
kasapoğlu hafriyat düzce	2	7
kaçak hafriyat cezası	2	7
kocaeli hafriyat şoförü iş ilanları	2	7
leyla moloz	2	7
molos restaurant limenaria menüsü	2	7
moloz balıkçılar	2	7
moloz cami ismi	2	7
moloz dokum alanlari	2	7
moloz forum	2	7
moloz gibi ne demek	2	7
moloz hakaret mi	2	7
moloz için belediye numarası	2	7
moloz küreği	2	7
moloz mures	2	7
moloz ne demek tdk	2	7
moloz olmak ne demek	2	7
moloz petrol ofisi	2	7
moloz sepeti	2	7
moloz taş duvar yapılması pozu	2	7
moloz ve hafriyat döküm sahası	2	7
moloz yomra otobüs saatleri	2	7
silobas iş güvenliği	2	7
trabzon moloz ziraat bankası	2	7
urla moloz döküm sahası	2	7
volvo hafriyat kamyonu fiyatları	2	7
özgüneş moloz telefon	2	7
üsküdar moloz atımı	2	7
şişli moloz hattı	2	7
belediye moloz ödeme	2	8
burak hafriyat düzce	2	8
bursa hafriyat sistemi	2	8
esenyurt moloz hattı	2	8
hafriyat kamyonu ikinci el fiyatları	2	8
hafriyat nasıl yazılır doğru yazılışı	2	8
ibrahim hafriyat çerkezköy	2	8
izmir hafriyat döküm bedeli	2	8
kaçmaz hafriyat	2	8
kocaeli hafriyat şube	2	8
maltepe moloz hattı	2	8
molos restaurant limenaria thassos menu	2	8
moloz atımı kadıköy	2	8
moloz beton helva	2	8
moloz cicekci	2	8
moloz dolmuş durağı	2	8
moloz fotoğraf	2	8
moloz hattı gebze	2	8
moloz in english	2	8
moloz nerede	2	8
moloz peron	2	8
moloz sekiz direkli hamam	2	8
moloz vakfıkebir dolmuş durağı	2	8
moloz yomra dolmuş saatleri	2	8
moloz. giresun dolmuş	2	8
osmangazi moloz hattı	2	8
sel silobas hortumu	2	8
silobas kullanmak için gerekli belgeler	2	8
trabzon moloz ziraat atm	2	8
ulusoy moloz	2	8
çavuşoğulları hafriyat çorlu	2	8
şişli moloz	2	8
aras hafriyat çorlu	2	9
e moloz kadıköy	2	9
fatih moloz hattı	2	9
hafriyat atığı nedir	2	9
hafriyat kamyonları ne kadar	2	9
hafriyat nasıl atılır	2	9
inşaat moloz şutu	2	9
kaçak hafriyat dökümü	2	9
mersin moloz döküm alanı	2	9
molos restaurant limenaria	2	9
moloz alma belediye	2	9
moloz beşikdüzü dolmuş saatleri	2	9
moloz gebze	2	9
moloz hava durumu	2	9
moloz itfaiye	2	9
moloz kaşüstü otobüs saatleri	2	9
moloz nakli birim fiyat	2	9
moloz parası	2	9
moloz sözlük anlamı	2	9
moloz torbası	2	9
moloz tozu zararları	2	9
moloz vakum	2	9
moloz yığınları	2	9
moloz çöpe atılır mı	2	9
ormana moloz dökmenin cezası	2	9
trabzon moloz lezzet lokantası	2	9
urla moloz	2	9
ünye moloz müzesi	2	9
1 kamyon kum fiyatı	1	0
1 kamyon çakıl fiyatı	1	0
2026 hafriyat fiyatları	1	0
2026 kırsal kalkınma destekleri	1	0
adapazarı kum fiyatları	1	0
altyapı kazı firması	1	0
ankara kepçe kiralama	1	0
ankara kum fiyatları	1	0
ankara moloz taşıma	1	0
antalya kepçe kiralama	1	0
antalya kum fiyatları	1	0
arazi düzenleme yönetmeliği	1	0
arazi tesviyesi	1	0
arnavutköy hafriyat	1	0
arnavutköy kepçe kiralama	1	0
arsa ve arazi düzenleme yönetmeliği	1	0
avcılar kepçe kiralama	1	0
balıkesir hafriyat	1	0
balıkesir kum fiyatları	1	0
bandırma hafriyat	1	0
bandırma kepçe kiralama	1	0
başakşehir kepçe kiralama	1	0
beko kiralama	1	0
beykoz hafriyat	1	0
beykoz kepçe kiralama	1	0
beylikdüzü kepçe kiralama	1	0
bina yıkım makası fiyatları	1	0
bina yıkım oyun	1	0
bina yıkımı saat kaça kadar yapılır	1	0
bir kamyon kaç ton hafriyat alır	1	0
bodrum kaza	1	0
bursa kepçe kiralama	1	0
bursa kum fiyatları	1	0
büyükçekmece hafriyat	1	0
büyükçekmece kepçe kiralama	1	0
cisibi kepçe kiralama	1	0
damperli kamyon kiralama	1	0
dere kumu	1	0
diyarbakır hafriyat döküm sahası	1	0
dolgu fiyatları	1	0
dolgu malzemesi	1	0
dolgu toprağı	1	0
dökme çimento fiyatı	1	0
düzce hafriyat	1	0
düzce kum fiyatları	1	0
ekskavatör kiralama	1	0
ekskavatör kiralama fiyatları	1	0
ekskavatör saatlik ücreti	1	0
ekskavatör saatlik ücreti 2026	1	0
elmas kum plajı fiyat	1	0
esenyurt hafriyat	1	0
eskişehir hafriyat	1	0
eskişehir kum fiyatları	1	0
etimesgut hafriyat döküm sahası	1	0
hafriyat	1	0
hafriyat alımı	1	0
hafriyat amaç konu	1	0
hafriyat ankara	1	0
hafriyat antalya	1	0
hafriyat arnavutköy	1	0
hafriyat balıkesir	1	0
hafriyat bandırma	1	0
hafriyat beykoz	1	0
hafriyat bolu	1	0
hafriyat bursa	1	0
hafriyat büyükçekmece	1	0
hafriyat cezası	1	0
hafriyat dokum ucreti	1	0
hafriyat döküm yeri	1	0
hafriyat düzce	1	0
hafriyat etimoloji	1	0
hafriyat firma isimleri	1	0
hafriyat firma logoları	1	0
hafriyat grubu	1	0
hafriyat istanbul	1	0
hafriyat izmir	1	0
hafriyat izmit	1	0
hafriyat izni	1	0
hafriyat iş ilanları	1	0
hafriyat jcb	1	0
hafriyat kabarma katsayısı	1	0
hafriyat kamyon fiyatı	1	0
hafriyat kamyonu bmc	1	0
hafriyat kamyonu damperli	1	0
hafriyat kamyonu ehliyeti	1	0
hafriyat kamyonu fiyat	1	0
hafriyat kamyonu günlük kiralık	1	0
hafriyat kamyonu mercedes	1	0
hafriyat kamyonu oyuncak	1	0
hafriyat kamyonu para kazanır mı	1	0
hafriyat kamyonu resimleri	1	0
hafriyat kamyonu tır	1	0
hafriyat kamyonu uzunluğu	1	0
hafriyat kamyonu volvo	1	0
hafriyat kamyonu yüksekliği	1	0
hafriyat kamyonu çift çeker	1	0
hafriyat kamyonu ölçüleri	1	0
hafriyat kamyonu şoförü maaşları	1	0
hafriyat kartalı	1	0
hafriyat kazı sözleşmesi	1	0
hafriyat kocaeli	1	0
hafriyat konya	1	0
hafriyat logo	1	0
hafriyat m3 fiyat	1	0
hafriyat m3 hesaplama	1	0
hafriyat manisa	1	0
hafriyat pozu	1	0
hafriyat ruhsatı	1	0
hafriyat sakarya	1	0
hafriyat sarı belge nasıl alınır	1	0
hafriyat silivri	1	0
hafriyat taşeronu arayan firmalar	1	0
hafriyat tekirdağ	1	0
hafriyat toprağı	1	0
hafriyat videoları	1	0
hafriyat yalova	1	0
hafriyat çerkezköy	1	0
hafriyat çorlu	1	0
hafriyat ön lastik	1	0
hafriyat ısparta	1	0
hafriyat şoförü is ilanları	1	0
hammadde fiyatları	1	0
hammadde tedarikçileri	1	0
havuz kazısı	1	0
ibb hafriyat	1	0
ibb hafriyat uygulaması	1	0
inşaat artığı temizleyici	1	0
inşaat atığı temizleme	1	0
inşaat kumu	1	0
inşaat malzeme fiyatları	1	0
inşaat malzemesi fiyatları	1	0
inşaat temel kazısı	1	0
istanbul hafriyat milas	1	0
istanbul hafriyat şirketleri	1	0
istanbul havalimanı hafriyat	1	0
istanbul kepçe kiralama	1	0
istanbul kum fiyatları	1	0
istanbul yıkım hafriyat	1	0
izmir kepçe kiralama	1	0
izmir kum fiyatları	1	0
izmit hafriyat	1	0
iş makinesi kiralama	1	0
iş makinesi kiralama sözleşmesi	1	0
jcb kiralama	1	0
kalsit fiyatları	1	0
kalsitonin	1	0
kalsitonin nedir	1	0
kamyon kaç m3 hafriyat alır	1	0
kamyon kiralama	1	0
kanal kazıcı ve yükleyici	1	0
kanal kazısı pozu	1	0
kartal hafriyat	1	0
kazi farms	1	0
kazı fiyatları	1	0
kazı hesaplama	1	0
kazı işleri yönetmeliği	1	0
kazı işlerinde iş güvenliği	1	0
kazı kazan fiyatları	1	0
kazı m3 fiyatı	1	0
kazı maliyeti hesaplama	1	0
kazı ve dolgu alanında makine ile temizleme ve sökme işi yapılması	1	0
kentsel dönüşüm hafriyat parası	1	0
kentsel dönüşüm yıkım kararı	1	0
kentsel dönüşüm yıkım kararı sorgulama	1	0
kepçe kiralama	1	0
kepçe kiralama ankara	1	0
kepçe kiralama bursa	1	0
kepçe kiralama diyarbakır	1	0
kepçe kiralama günlük	1	0
kepçe kiralama izmir	1	0
kepçe kiralama malatya	1	0
kepçe kiralama ücreti	1	0
kepçe saatlik ücreti	1	0
kepçe saatlik ücreti 2026	1	0
kireç fiyatları	1	0
kocaeli kepçe kiralama	1	0
kocaeli kum fiyatları	1	0
konya kum fiyatları	1	0
kum anaokulu fiyat	1	0
kum birim fiyat	1	0
kum dikeni fiyat	1	0
kum eleği fiyat	1	0
kum fiyatları	1	0
kum inci fiyat	1	0
kum kabı fiyat	1	0
kum levreği fiyat	1	0
kum mucit fiyat	1	0
kum saati fiyat	1	0
kum ton fiyatı	1	0
kum torbası fiyat	1	0
kum zambağı fiyat	1	0
kum çakıl	1	0
kum çakıl nakliyesi birim fiyat	1	0
kum çakılı	1	0
kum çimento fiyat	1	0
kırklareli kepçe kiralama	1	0
kırma kum	1	0
kırmataş	1	0
m3 para arzı nedir	1	0
mermer tozu	1	0
mermer tozu fiyatı	1	0
moloz	1	0
moloz atımı ankara	1	0
moloz dökme cezasi	1	0
moloz kaç km	1	0
moloz nereden alınır	1	0
moloz nereye dökülür	1	0
moloz taşıma işi	1	0
mütemadi temel kazısı	1	0
mıcır fiyatları	1	0
mıcır ton fiyatı	1	0
nakliye fiyatları	1	0
nilüfer belediyesi moloz toplama iletişim	1	0
pendik hafriyat	1	0
sakarya hafriyat	1	0
sakarya kum fiyatları	1	0
sarıyer kepçe kiralama	1	0
silivri hafriyat	1	0
silivri kum fiyatları	1	0
silobas	1	0
silobas araç	1	0
silobas boşaltma sistemi	1	0
silobas contası	1	0
silobas görselleri	1	0
silobas körüğü	1	0
silobas lojistik	1	0
silobas malzemeleri	1	0
silobas operatörü	1	0
silobas römork	1	0
silobas sahibinden	1	0
silobas taşımacılığı yapan firmalar	1	0
silobas un	1	0
silobas vana	1	0
silobas yükleme körüğü	1	0
silobas çimento	1	0
silobas ölçüleri	1	0
stabilize dolgu	1	0
stabilize fiyatı	1	0
stabilize malzeme	1	0
sultangazi kepçe kiralama	1	0
temel kazı pozu	1	0
temel kazı yönetmeliği	1	0
temel kazısı	1	0
temel kazısı hesaplama	1	0
tesviye işleri	1	0
toprak dolgu	1	0
toprak dolgu pozu	1	0
torba çimento fiyatı	1	0
tout venant	1	0
trabzon moloz hangi ilçeye bağlı	1	0
tuvenan malzeme	1	0
tır kiralama	1	0
ufak kepçe kiralama	1	0
uçucu kül	1	0
uçucu kül fiyatı	1	0
van kepçe kiralama	1	0
yapay kum fiyat	1	0
yıkanmış kum	1	0
yıkım ekibi izle	1	0
yıkım firması	1	0
yıkım fiyatları	1	0
yıkım ve hafriyat	1	0
zemin hafriyat döküm sahası	1	0
zonguldak hafriyat	1	0
çakıl fiyatları	1	0
çakıl ton fiyatı	1	0
çanakkale hafriyat	1	0
çanakkale kum otel fiyatları	1	0
çimento fiyatları	1	0
çimento ton fiyatı	1	0
çorlu hafriyat	1	0
ömerli hafriyat döküm sahası	1	0
ümraniye hafriyat	1	0
ısparta kepçe kiralama	1	0
ıveco hafriyat kamyonu	1	0
1 kamyon kum fiyatı 2026	1	1
1 kamyon mıcır fiyatı 2026	1	1
1 m3 kazı fiyatı	1	1
1 m3 çakıl kaç ton	1	1
1 ton kum fiyatı 2026	1	1
1 ton kum kaç m3	1	1
1 ton çakıl kaç m3	1	1
2026 hafriyat metreküp fiyatı	1	1
ankara 03 kum fiyatları	1	1
ankara hafriyat	1	1
antalya hafriyat	1	1
antalya mini kepçe kiralama	1	1
arazi arsa düzenleme yönetmeliği	1	1
arazi düzenlemesi	1	1
arazi tesviyesi nedir	1	1
aylık kamyon kiralama fiyatları	1	1
badana kireç fiyatları	1	1
bayrampaşa belediyesi hafriyat toplama	1	1
beko loder kiralama	1	1
belediye moloz toplama ücreti	1	1
beyaz mıcır fiyatları	1	1
beyaz çakıl taşı fiyatları	1	1
bina yıkım	1	1
bina yıkım birim fiyatları	1	1
bina yıkımı	1	1
bir kamyon hafriyat fiyatı	1	1
bolu hafriyat	1	1
bursa hafriyat	1	1
bursa nilüfer kepçe kiralama	1	1
denizli hafriyat döküm sahası	1	1
denizli kepçe kiralama	1	1
dere kumu akvaryum	1	1
dolgu fiyatları 2026	1	1
dolgu malzemeleri	1	1
dolgu malzemesi nedir	1	1
dökme çimento	1	1
esenler belediyesi hafriyat	1	1
filli boya çakıllı kum	1	1
gaziosmanpaşa belediyesi hafriyat	1	1
gölbaşı hafriyat döküm sahası	1	1
güven lider silobas	1	1
güven silobas	1	1
hafriyat alımı nasıl yapılır	1	1
hafriyat ana sözleşme örneği	1	1
hafriyat antalyaspor	1	1
hafriyat bilgi sistemi bursa	1	1
hafriyat döküm	1	1
hafriyat döküm fiyatları	1	1
hafriyat döküm pozu	1	1
hafriyat ekşi	1	1
hafriyat firması nasıl kurulur	1	1
hafriyat giriş	1	1
hafriyat harfiyat	1	1
hafriyat izni nasıl alınır	1	1
hafriyat işleri tevkifat	1	1
hafriyat kabul belgesi nasıl alınır	1	1
hafriyat kamyonu boş ağırlığı	1	1
hafriyat kamyonu cezası	1	1
hafriyat kamyonu devrildi	1	1
hafriyat kamyonu ford	1	1
hafriyat kamyonu günlük kazancı	1	1
hafriyat kamyonu lastiği	1	1
hafriyat kamyonu maaşı	1	1
hafriyat kamyonu nakliye fiyatları	1	1
hafriyat kamyonu png	1	1
hafriyat kamyonu tonaj sınırı	1	1
hafriyat kamyonu videoları	1	1
hafriyat kamyonu yakıt tüketimi	1	1
hafriyat kamyonu çizimi	1	1
hafriyat kamyonu özellikleri	1	1
hafriyat kartal	1	1
hafriyat kazısı	1	1
hafriyat logoları	1	1
hafriyat m3 fiyatı 2024	1	1
hafriyat nakliye hesabı	1	1
hafriyat oyunları	1	1
hafriyat poz no	1	1
hafriyat reklamları	1	1
hafriyat sözleşmesi örneği	1	1
hafriyat toprağı ve inşaat yıkıntı atıklarının kontrolü yönetmeliği	1	1
hafriyat toprağı yoğunluğu	1	1
hafriyat tırı	1	1
hafriyat uygulaması ibb	1	1
hafriyat ve hafriyat arasındaki fark	1	1
hafriyat yönetim bilgi sistemi	1	1
hafriyat yönetmeliği mevzuat	1	1
hafriyat özgül ağırlığı	1	1
hafriyat ıstac online	1	1
hammadde fiyatları borsa	1	1
hammadde tedarik	1	1
hidromek kepçe kiralama	1	1
inşaat atığı	1	1
inşaat dolgu malzemesi fiyatları	1	1
inşaat kumu fiyatı	1	1
istanbul 3 havalimanı hafriyat	1	1
istanbul büyükşehir belediyesi hafriyat döküm sahası	1	1
istanbul hafriyat işleri	1	1
istanbul'da hafriyat döküm sahaları	1	1
izmir hafriyat	1	1
izmir menderes kepçe kiralama	1	1
jcb kiralama fiyatları	1	1
jet hafriyat	1	1
kalsit	1	1
kalsit taşı fiyatları	1	1
kalsitonin nereden salgılanır	1	1
kamyon kiralama sözleşmesi	1	1
kanal kazısı çalışmalarında iş sağlığı ve güvenliği rehberi	1	1
karabük kepçe kiralama	1	1
kars kazı fiyatları	1	1
kazı işleri	1	1
kazı işlerinde iş sağlığı ve güvenliği yönetmeliği	1	1
kazı kazan en büyük ikramiye ne kadar	1	1
kazı kazan ne kadar veriyor	1	1
kazı ve dolgu alanlarında makine ile temizleme ve sökme	1	1
kazı yapılması depo veya dolguya konulması	1	1
kaçak moloz dökme cezası	1	1
kedi kum kabi fiyat	1	1
kentsel dönüşüm yıkım ruhsatı	1	1
kepçe günlük kiralama fiyatları	1	1
kepçe kiralama aylık	1	1
kepçe kiralama bedeli	1	1
kepçe kiralama kayseri	1	1
kepçe kiralama mersin	1	1
kimyasal hammadde tedarikçileri	1	1
kireç fiyatları 2026	1	1
kocaeli yıkım firması	1	1
konya hafriyat	1	1
kum boncuk fiyat	1	1
kum denizi plajı fiyat	1	1
kum filtresi fiyat	1	1
kum fiyatları 2026	1	1
kum hal fıyat	1	1
kum hotel eceabat fiyat	1	1
kum incisi fiyat	1	1
kum m3 fiyat	1	1
kum motel avşa fiyat	1	1
kum ton fiyat	1	1
kum ton fiyatı 2025	1	1
kum torbası fiyatları	1	1
kum çakılı rengi	1	1
kum çuvalı fiyat	1	1
kırkayak kamyon kaç m3 hafriyat alır	1	1
kırma kum nedir	1	1
kırmataş dolgu pozu	1	1
kırmataş pozu	1	1
mamak hafriyat döküm sahası resimleri	1	1
manisa hafriyat	1	1
mermer tozu rengi	1	1
moloz nakliye pozu	1	1
moloz nedir anlamı	1	1
moloz nereye atılır istanbul	1	1
molozonide	1	1
mıcır fiyatları 2026	1	1
mıcır ton fiyatı 2026	1	1
nakliye fiyatları izmir	1	1
nakliye fiyatları ne kadar	1	1
osmaniye kepçe kiralama	1	1
paletli kepçe kiralama	1	1
paşabahçe kum saati fiyat	1	1
poliüretan hammadde fiyatları	1	1
radye temel kazısı	1	1
sakarya kum çakıl fiyatları	1	1
silobas arabası	1	1
silobas conta	1	1
silobas elek	1	1
silobas motoru	1	1
silobas ne taşır	1	1
silobas platformu	1	1
silobas satılık	1	1
silobas taşımacılığı	1	1
silobas vanası	1	1
silobas yükleme	1	1
silobas üreticileri	1	1
silobaz nedir	1	1
stabilize dolgu pozu	1	1
stabilize malzeme nedir	1	1
sílabas luminosas	1	1
temel kavramlar konu anlatımı	1	1
temel kazı planı	1	1
temel kazısında su çıkması	1	1
torba çimento fiyatı 2026	1	1
trabzon hafriyat döküm sahası	1	1
tuvenan dolgu nedir	1	1
tuvenan ne demek coğrafya	1	1
tır kiralama fiyatları	1	1
urla kum denizi fiyat	1	1
uçucu kül nedir	1	1
uçucu kül ton fiyatı	1	1
yalova hafriyat	1	1
yemlik mermer tozu fiyatı	1	1
yıkanmış kum fiyatları	1	1
yıkım ekibi	1	1
zeki hafriyat	1	1
çakıl fiyatları 2026	1	1
çakıl taşı ton fiyatı	1	1
çerkezköy hafriyat	1	1
çimento fiyatları 2026	1	1
çimento ton fiyatı 2026	1	1
çorum kepçe kiralama	1	1
ödemiş kepçe kiralama	1	1
önder hafriyat kazı çalışmaları	1	1
öz turgutlar yapı hafriyat ve nakliye	1	1
öztreyler silobas	1	1
ısuzu hafriyat kamyonu	1	1
şirkete kepçe kiralama	1	1
1 kamyon hafriyat fiyatı	1	2
1 kamyon kum fiyatı 2025	1	2
1 kamyon mıcır fiyatı 2025	1	2
1 kamyon çakıl fiyatı 2025	1	2
1 ton kum fiyatı 2025	1	2
1 ton kömür ne kadar	1	2
1 ton çakıl taşı ne kadar	1	2
1 torba çimento fiyatı	1	2
25 kg toz kireç fiyatları	1	2
adana hafriyat firması	1	2
ankara mini kepçe kiralama	1	2
aragonit kum fiyat	1	2
arazi düzenlemesine tabidir ne demek	1	2
arazi tesviyesi nasıl yapılır	1	2
ataşehir belediyesi hafriyat toplama	1	2
ayaklı kum torbası fiyat	1	2
aylık tır kiralama fiyatları	1	2
bahçelievler beton inşaat hafriyat sanayi ve ticaret limited şirketi	1	2
bandırma gülmüş hafriyat	1	2
bağcılar belediyesi hafriyat toplama	1	2
başakşehir belediyesi hafriyat	1	2
beko loder kiralama sözleşmesi	1	2
belediye hafriyat alımı	1	2
bentonit kum ton fiyatı	1	2
bina temel kazısı	1	2
bina yıkım firması	1	2
bina yıkım kararı sorgulama	1	2
bina yıkım maliyeti	1	2
canbek silobas	1	2
cebeci hafriyat döküm sahası	1	2
damlama kum filtresi fiyatları	1	2
damperli kamyon kiralama sözleşmesi	1	2
dere kumu fiyat	1	2
dere kumu nerden bulurum	1	2
diş dolgu malzemesi	1	2
dolgu fiyatları 2025	1	2
dolgu fiyatları diş	1	2
dolgu malzemesi inşaat	1	2
dolgu toprağı nasıl olmalı	1	2
edirne hafriyatçılar	1	2
ekskavatör günlük kiralama fiyatları	1	2
ekskavatör kiralama sözleşmesi	1	2
ekskavatör saatlik ücreti 2025	1	2
elmadağ hafriyat döküm sahası	1	2
erzurum kepçe kiralama	1	2
gülmüş hafriyat bandırma	1	2
hafriyat araçları	1	2
hafriyat belgesi nasıl alınır	1	2
hafriyat bilgi sistemi antalya	1	2
hafriyat dorsesi	1	2
hafriyat döküm alanları	1	2
hafriyat döküm bedeli	1	2
hafriyat dökümü	1	2
hafriyat firmaları ankara	1	2
hafriyat gaziantep	1	2
hafriyat hakediş örneği	1	2
hafriyat ibb	1	2
hafriyat işi ilanları	1	2
hafriyat işleri tevkifat kodu	1	2
hafriyat kabul	1	2
hafriyat kamyonu arayan firmalar	1	2
hafriyat kamyonu branda	1	2
hafriyat kamyonu can aldı	1	2
hafriyat kamyonu dorsesi	1	2
hafriyat kamyonu ezdi	1	2
hafriyat kamyonu genişliği	1	2
hafriyat kamyonu kaç para	1	2
hafriyat kamyonu kiralama sözleşmesi	1	2
hafriyat kamyonu lyrics	1	2
hafriyat kamyonu man	1	2
hafriyat kamyonu otomatik branda	1	2
hafriyat kamyonu satılık	1	2
hafriyat kamyonu tavsiye	1	2
hafriyat kamyonu vitesleri	1	2
hafriyat kamyonu yükünü burada taşır	1	2
hafriyat kamyonu şöförü	1	2
hafriyat lastiği	1	2
hafriyat nace kodu	1	2
hafriyat nakliye sözleşmesi örneği	1	2
hafriyat operatörü	1	2
hafriyat programı	1	2
hafriyat resimleri	1	2
hafriyat sözleri	1	2
hafriyat taşıma pozu	1	2
hafriyat tdk	1	2
hafriyat tevkifat oranı 2026	1	2
hafriyat uşak	1	2
hafriyat ve inşaat yıkıntı atıklarının kontrolü yönetmeliği	1	2
hafriyat yazımı	1	2
hafriyat ödemesi	1	2
hafriyat ıbb	1	2
hafriyat şirketi nasıl kurulur	1	2
hammadde fiyatlarındaki artış	1	2
hammadde tedarikçisi	1	2
hatay kepçe kiralama	1	2
havuz kum filtresi fiyat	1	2
ibb hafriyat giriş	1	2
ibb hafriyat online	1	2
ince kum fiyat	1	2
insaat muhendisligi	1	2
inşaat atığı cezası	1	2
inşaat kumu çeşitleri	1	2
istanbul büyükşehir belediyesi hafriyat	1	2
istanbul hafriyat ihaleleri	1	2
istanbul hafriyat kamyonu	1	2
istanbul'da hafriyat dökülen göl	1	2
izmir hafriyatçılar	1	2
iznik hafriyat	1	2
iş makinesi kiralama tevkifat	1	2
jcb kepçe günlük kiralama	1	2
jcb kiralama sözleşmesi	1	2
kadıköy belediyesi hafriyat toplama	1	2
kalsit nedir	1	2
kalsit taşı	1	2
kalsit ton fiyatları	1	2
kamyon kiralama sözleşmesi örneği word	1	2
kanal kazısı birim fiyat	1	2
karşıyaka belediyesi moloz toplama ücreti	1	2
kayıp kamyon full izle	1	2
kazı dolgu hesabı excel	1	2
kazı işleri teknik şartnamesi	1	2
kazı kazan ne kadar 2026	1	2
kazı metrajı hesaplama	1	2
kaçak moloz	1	2
kağıthane belediyesi hafriyat toplama	1	2
kentsel dönüşüm yıkım süreci	1	2
kepçe kiralama adana	1	2
kepçe kiralama işi	1	2
kepçe saatlik ücreti 2025	1	2
kinetik kum fiyat	1	2
kireç fiyatları 50 kg	1	2
kum boyama fiyat	1	2
kum fiyatları ne kadar	1	2
kum havuzu fiyat	1	2
kum hotel çanakkale fiyat	1	2
kum metreküp fiyat	1	2
kurt hafriyat çanakkale	1	2
küçük kepçe kiralama bursa	1	2
küçükçekmece belediyesi hafriyat	1	2
kırma kum fiyatları	1	2
kırma taş fiyatları	1	2
kırmataş malzeme ile dolgu yapılması	1	2
lüleburgaz belediyesi hafriyat toplama	1	2
mamak hafriyat döküm sahası fotoğraflar	1	2
mermer tozu ton fiyatı	1	2
moloz kaldırma belediye	1	2
moloz konteyneri konya	1	2
moloz nakliye fiyatları	1	2
moloz nereye atılır izmir	1	2
moloz taş nedir	1	2
moloz taşıma aracı	1	2
moloz toplama makinesi	1	2
mys hafriyat hadimköy kiralik jcb kepçe ekskavatör	1	2
mıcır fiyatları bursa	1	2
mıcır ton fiyatı 2025	1	2
nakliye fiyatları hesaplama	1	2
nakliye fiyatları şehirler arası	1	2
ne kadar nasıl yazılır	1	2
ostim kepçe kiralama	1	2
p90 kum spreyi fiyat	1	2
pendik belediyesi hafriyat toplama	1	2
plastik hammadde fiyatları	1	2
polatlı kepçe kiralama	1	2
renault hafriyat kamyonu	1	2
rüyada inşaat temel kazısı görmek	1	2
sakarya hafriyatçılar	1	2
sancaktepe belediyesi hafriyat	1	2
silobas aracı	1	2
silobas dorse uzunluğu	1	2
silobas içi	1	2
silobas maket	1	2
silobas nedir nasıl kullanılır	1	2
silobas otomatik kapak	1	2
silobas patlaması son dakika	1	2
silobas sofor ilanlari	1	2
silobas vagon	1	2
silobas yem kamyonu	1	2
silobas çimento fiyatı	1	2
silobas üst kapak	1	2
silobas şoförü iş ilanları	1	2
smc yıkım ve hafriyat yönetim kurulu başkanı mustafa çubuk	1	2
stabilize dolgu nedir	1	2
stabilize malzeme ile hendek ve temel dolgusu yapılması	1	2
stabilize malzeme yoğunluğu	1	2
tayrot inşaat malzemesi fiyatları	1	2
tekirdağ saray hafriyat	1	2
toprak dolgu yapılması pozu	1	2
toprağı kazma hafriyat	1	2
torba çimento fiyatı ne kadar	1	2
tuvenan kablo kanalı	1	2
tüvenan	1	2
tır kiralama şirketleri	1	2
urla kum plajı fiyat	1	2
uçucu kül fiyatları	1	2
uçucu kül nereden temin edilir	1	2
vespa kum edition fiyat	1	2
yıkanmış kumaş	1	2
yıkım ekibi oyuncuları	1	2
yıkım makası fiyatları	1	2
yıkım sözleşmesi	1	2
zonguldak hafriyat firmaları	1	2
çakıl fiyatları 2025	1	2
çakıl taşı fiyatları	1	2
çakıllı kum rengi	1	2
çanakkale kurt hafriyat	1	2
çatalca akil hafriyat kepçe vinç yorumlar	1	2
çerkezköy hafriyatçılar	1	2
çimento fiyatları 50 kg	1	2
çimento fiyatları ne kadar	1	2
çimento ton fiyatı 2025	1	2
ömürlü silobas	1	2
ümraniye belediyesi hafriyat toplama	1	2
üstün hafriyat	1	2
şişli belediyesi hafriyat toplama	1	2
1 kamyon kum fiyatı 2024	1	3
1 kamyon mıcır fiyatı 2024	1	3
1 kamyon çakıl taşı fiyatı	1	3
1 ton alüminyum fiyatı	1	3
1 ton kum fiyatı 2024	1	3
1 ton çakıl	1	3
1 ton çimento fiyatı	1	3
10 teker kamyon ölçüleri	1	3
albayrak yıkım ve hafriyat	1	3
altınkum fiyat	1	3
ankara hafriyat kamyonu	1	3
antalya hafriyat döküm sahası	1	3
antalyaspor hafriyat şube	1	3
arazi düzenleme	1	3
arazi tesviye maliyeti	1	3
araç yıkım fiyatları	1	3
axis kum havuzu fiyat	1	3
bahçe dolgu toprağı	1	3
bandirma erdek hafriyat	1	3
bağcılar'da hafriyat kamyonu kazası	1	3
belediye hafriyat yönetmeliği	1	3
belediye moloz ücreti	1	3
beyaz kum midyesi fiyat	1	3
beyaz çakıl taşı ton fiyatı	1	3
beykoz belediyesi hafriyat	1	3
bina yıkım yönetmeliği	1	3
bina yıkım ücreti	1	3
bolu hafriyatçılar	1	3
cimento silobas	1	3
diş dolgu fiyatları	1	3
dolgu fiyatları ne kadar	1	3
dolgu malzemesi diş	1	3
dökme çimento fiyatları 2026	1	3
dörtyol kepçe kiralama	1	3
düzce'de hafriyatçılar	1	3
ekskavatör kiralama tevkifat	1	3
ekskavatör saatlik ücreti 2024	1	3
ergani kepçe kiralama	1	3
esen hafriyat bolu	1	3
filli boya çakıllı kum rengi	1	3
gaziantep kepçe kiralama	1	3
gebze hafriyatçılar	1	3
granüler dolgu malzemesi	1	3
güven silobas iletişim	1	3
hafriyat bedeli	1	3
hafriyat belgesi nedir	1	3
hafriyat döküm belgesi ankara	1	3
hafriyat döküm yazısı	1	3
hafriyat ek 2 belgesi	1	3
hafriyat faturasında tevkifat var mı	1	3
hafriyat firmaları izmir	1	3
hafriyat fiyatı nasıl hesaplanır	1	3
hafriyat grubu sanatçıları	1	3
hafriyat harfiyat mı	1	3
hafriyat kamyon kiralama fiyatları	1	3
hafriyat kamyon şoförü maaşları	1	3
hafriyat kamyonu büyük	1	3
hafriyat kamyonu damper	1	3
hafriyat kamyonu ekşi	1	3
hafriyat kamyonu getirisi	1	3
hafriyat kamyonu hız sınırı	1	3
hafriyat kamyonu logo	1	3
hafriyat kamyonu m3	1	3
hafriyat kamyonu oyunu	1	3
hafriyat kamyonu sahibinden satılık	1	3
hafriyat kamyonu taşıma kapasitesi	1	3
hafriyat kamyonu vergisi	1	3
hafriyat kamyonu yetki belgesi	1	3
hafriyat kamyonu şok	1	3
hafriyat kazı	1	3
hafriyat logosu	1	3
hafriyat metreküp hesaplama	1	3
hafriyat nakliye	1	3
hafriyat oyunu	1	3
hafriyat premium	1	3
hafriyat roman	1	3
hafriyat taşıma birim fiyat	1	3
hafriyat toprağı ve inşaat yıkıntı atıkları taşıma ve kabul belgesi	1	3
hafriyat urfa	1	3
hafriyat vizesi nasıl alınır	1	3
hafriyat yönetim sistemi	1	3
hafriyat ölçümü nasıl yapılır	1	3
hafriyat şirketi ana sözleşme örneği	1	3
hafriyat şoför kartı	1	3
hammadde fiyatları petkim	1	3
hammadde tedarik sözleşmesi	1	3
hazır beton uçucu kül dayanım	1	3
ibb hafriyat kabul belgesi sorgulama	1	3
insaat muhendisligi taban puanlari	1	3
inşaat atığı temizleyici	1	3
inşaat kumu ton fiyatı	1	3
inşaat malzemesi pleymut fiyatları	1	3
inşaat yıkım firması	1	3
istanbul anadolu yakası hafriyat	1	3
istanbul hafriyat	1	3
istanbul inşaat hafriyat	1	3
istanbul nakliye fiyatları	1	3
iznik hafriyat firmaları	1	3
iş makinesi kiralama sözleşmesi örneği	1	3
jcb kiralama bedeli	1	3
kadıköy belediyesi hafriyat	1	3
kagithane belediyesi hafriyat	1	3
kalsit tozu fiyatları	1	3
kalsitt	1	3
kamyon üstü silobas	1	3
kanal kazısı	1	3
kayseri hafriyat döküm sahası	1	3
kazı dolgu hesabı nasıl yapılır	1	3
kazı işleri çalışma izin formu	1	3
kazı kazan ne kadar kazandırıyor	1	3
kazı metreküp hesaplama	1	3
kazı ve dolgu alanlarında makine ile fundalıkların temizlenmesi	1	3
kaçak moloz cezası	1	3
kepçe kiralama istanbul	1	3
kepçe kiralama tevkifat kodu	1	3
kepçe operatörü saatlik ücret	1	3
kiralık kepçe büyükçekmece hafriyat	1	3
kireç fiyatları 25 kg	1	3
konya hafriyatçılar	1	3
konyalı hafriyat çine	1	3
kum beji 20 kg fiyat	1	3
kum beji fiyat	1	3
kum boncuk fiyatları	1	3
kum fiyatları kedi	1	3
kum çakıl ve benzeri maddelerin alınması işletilmesi ve kontrolü yönetmeliği	1	3
kırma kum özgül ağırlığı	1	3
kırmataş nedir	1	3
lüleburgaz yiğit hafriyat	1	3
maltepe belediyesi hafriyat	1	3
manyetik kireç önleyici fiyatları	1	3
mast kazı fiyatları	1	3
mermer tozu kg fiyatı	1	3
mermer tozu ne işe yarar	1	3
moloz kaldırma pozu	1	3
moloz konteyneri izmir	1	3
moloz nakliye ankara	1	3
moloz nereye şikayet edilir	1	3
moloz yığını nedir	1	3
molozay	1	3
mıcır fiyatları izmir	1	3
mıcır taşı ton fiyatı	1	3
nakliye fiyatları şehir içi	1	3
pendik belediyesi hafriyat	1	3
pp hammadde fiyatları	1	3
pro hafriyat kamyonu	1	3
pursaklar hafriyat döküm sahası	1	3
rüyada hafriyat kamyonu sürmek	1	3
sarıyer belediyesi hafriyat toplama	1	3
sarıyer elmas kum plajı fiyat	1	3
silis kum fiyat	1	3
silis kum ton fiyatı	1	3
silobas aylık kazancı	1	3
silobas elektrik kablosu	1	3
silobas flanşı	1	3
silobas hava kompresörü	1	3
silobas imalatçıları	1	3
silobas mı silobas mı	1	3
silobas nakliyesi	1	3
silobas periyodik kontrol	1	3
silobas sistemi	1	3
silobas tehlikeli mi	1	3
silobas çeşitleri	1	3
silobas şöförü maaşları	1	3
stabilize dolgu ne demek	1	3
stabilize mıcır fiyatı	1	3
tekirdağ büyükşehir belediyesi hafriyat	1	3
temel ögeler çalışma kağıdı	1	3
toprak dolgu barajlar	1	3
torba çimento fiyatı 2025 fiyatları	1	3
torbalı kepçe kiralama	1	3
tuvenan malzeme ile kablo kanali yapilmasi	1	3
tuzla belediyesi hafriyat	1	3
tır kiralama sözleşmesi örneği	1	3
tır çekici kiralama	1	3
uçucu kül ne işe yarar	1	3
vakumlu silobas	1	3
vespa 946 kum edition fiyat	1	3
yalova hafriyatçılar	1	3
yıkanmış kumaş nedir	1	3
yıkım ekibi imdb	1	3
yıkım ekibi türkçe dublaj izle	1	3
zirve hafriyat	1	3
çakıllı kum fiyat	1	3
çanakkale kepçe hafriyat	1	3
çatalca gökmen hafriyat fotoğraflar	1	3
çekmeköy belediyesi hafriyat	1	3
çimento fiyatları 2025	1	3
çimento fiyatları 25 kg	1	3
çimento ton fiyatı güncel	1	3
çimento torba fiyatı 50 kg	1	3
çorlu belediyesi hafriyat	1	3
çınar hafriyat yalova	1	3
özgenç hafriyat çorlu	1	3
öztaş silobas	1	3
ümraniye belediyesi hafriyat	1	3
ünal hafriyat	1	3
ışık hafriyat	1	3
1 kamyon kum fiyatı ne kadar	1	4
1 m3 hafriyat fiyatı	1	4
1 ton çakıl taşı	1	4
1m3 kum kaç ton	1	4
1m3 moloz kaç ton	1	4
afyon hafriyat firmaları	1	4
alagözler kum çakıl	1	4
ankara küçük kepçe kiralama	1	4
ankara silobas firmaları	1	4
arazi düzenlemesi nedir	1	4
arazi tesviye pozu	1	4
araç üstü silobas	1	4
bektaş hafriyat düzce	1	4
belediye moloz kaldırma ücreti	1	4
belediye moloz konteyner	1	4
beyaz kum ton fiyatı	1	4
beyaz mıcır ton fiyatı	1	4
bina yıkım planı örneği	1	4
bina yıkım saatleri	1	4
bir torba çimento fiyatı	1	4
dere kumu satın al	1	4
derz dolgu fiyatları	1	4
dolgu fiyatları dudak	1	4
dolgu malzemesi nedir inşaat	1	4
dsi̇ kazı ve dolgu i̇şleri teknik şartnamesi	1	4
dökme çimento kg fiyatı	1	4
dökme çimento nedir	1	4
düzce bektaş hafriyat	1	4
edirne silobas iş ilanları	1	4
ekskavatör kiralama nace kodu	1	4
elmas kum fiyat	1	4
esenyurt belediyesi hafriyat	1	4
eskişehir hafriyatçılar	1	4
ev nakliye fiyatları	1	4
fors silobas	1	4
gökçe hafriyat manisa	1	4
gölbaşı kepçe kiralama	1	4
güven silobas iskenderun	1	4
hafriyat amaç konu örneği	1	4
hafriyat dolgu hesaplama	1	4
hafriyat dökme cezası	1	4
hafriyat eş anlamlısı	1	4
hafriyat firmaları adana	1	4
hafriyat fişi	1	4
hafriyat işi nasıl yapılır	1	4
hafriyat işleri nace kodu	1	4
hafriyat kamyon şoförü iş ilanları	1	4
hafriyat kamyonu aylık kirası ne kadar	1	4
hafriyat kamyonu boyama	1	4
hafriyat kamyonu devrilmesi	1	4
hafriyat kamyonu facebook	1	4
hafriyat kamyonu hino	1	4
hafriyat kamyonu iş ilanları ankara	1	4
hafriyat kamyonu kaç vites	1	4
hafriyat kamyonu lastik ebatları	1	4
hafriyat kamyonu modifiye	1	4
hafriyat kamyonu ne kadar yakar	1	4
hafriyat kamyonu olculeri	1	4
hafriyat kamyonu sürmek için gerekli belgeler	1	4
hafriyat kamyonu çarptı	1	4
hafriyat kazı maliyeti	1	4
hafriyat lastik fiyatları	1	4
hafriyat maviye karışsam sözleri	1	4
hafriyat ne iş yapar	1	4
hafriyat oyuncakları	1	4
hafriyat projesi	1	4
hafriyat römorku	1	4
hafriyat sanat grubu	1	4
hafriyat toprağı ve inşaat yıkıntı atıklarının taşıma aracı	1	4
hafriyat urla	1	4
hafriyat vizesi	1	4
hafriyat yapılması pozu	1	4
hafriyat ödemesi nasıl yapılır	1	4
hafriyat şarkısı	1	4
hayvan için mermer tozu fiyatı	1	4
ibb hafriyat döküm sahası	1	4
inşaat atığı belediye	1	4
inşaat kumu nasıl elde edilir	1	4
inşaat malzemesi ytong fiyatları	1	4
istanbul avrupa yakası hafriyat döküm yerleri	1	4
istanbul yıkım firması	1	4
izmir moloz nakliye	1	4
izmir moloz nereye dökülür	1	4
izmit belediyesi hafriyat toplama	1	4
iş makinesi kiralama nace kodu	1	4
kalsitoniini	1	4
kamyon kiralama tevkifat	1	4
kamyon oyunu oyna ücretsiz	1	4
kanal istanbul hafriyat	1	4
kars kazı ne kadar	1	4
kazi ve dolgu işleri	1	4
kazı hacmi hesaplama	1	4
kazı işlerinde iş güvenliği talimatı	1	4
kazı kazan fiyatları 2026	1	4
kedi kum fiyat	1	4
kentsel dönüşüm yıkım	1	4
kepçe kiralama ilanları	1	4
kepçe kiralama saatlik	1	4
kireç fiyatları 2025	1	4
kum beyazı fiyat	1	4
kum fiyatları 2025	1	4
kum kırma makinası	1	4
kum çakıl plaj	1	4
kırkayak kaç ton alır	1	4
lojistik firmalarına tır kiralama	1	4
lüleburgaz balaban hafriyat	1	4
man hafriyat kamyonu nasıl kullanılır	1	4
manisa hafriyatçılar	1	4
manyetik kum fiyat	1	4
menderes kepçe kiralama	1	4
mermer tozu 50 kg	1	4
mermer tozu powder	1	4
mini ekskavatör saatlik ücreti	1	4
moloz atmanın cezası	1	4
moloz atık nedir	1	4
moloz döküm alanı	1	4
moloz kulesi fiyat	1	4
moloz toplama belediye	1	4
muğla menteşe hafriyat	1	4
mıcır fiyatları sakarya	1	4
nakliyat fiyatları istanbul	1	4
nilüfer kepçe kiralama	1	4
niğtaş kalsit fiyatları	1	4
paletli hafriyat kamyonu	1	4
paletli kepçe saatlik ücreti	1	4
pendik kayalar hafriyat	1	4
petkim hammadde fiyatları	1	4
polatlı hafriyat döküm sahası	1	4
proline kum fiyat	1	4
pursaklar kepçe kiralama	1	4
sakarya hafriyatçılar derneği	1	4
scania hafriyat kamyonu	1	4
scar 20 kum ağı fiyat	1	4
silobas beton	1	4
silobas dwg	1	4
silobas hortum kelepçesi	1	4
silobas ile ne taşınır	1	4
silobas maaşları	1	4
silobas nakliyecileri	1	4
silobas nasıl çalışır	1	4
silobas oyuncak	1	4
silobas prizi	1	4
silobas soforu	1	4
silobas yüksekliği	1	4
silobas çizim	1	4
silobas şoförü arayan firmalar	1	4
siyah kum fiyat	1	4
smc yıkım ve hafriyat	1	4
stabilize dolgu yapılması pozu	1	4
stabilize m3 fiyatı	1	4
stabilize malzeme pozu	1	4
tarsus kepçe kiralama	1	4
tekirdağ şarköy enerji hafriyat	1	4
temel beden kalıbı pdf	1	4
temelli hafriyat döküm sahası	1	4
toprak dolgu izni	1	4
torba çimento fiyatı 2024	1	4
tuvenan kum çakil veya stabilize ile dolgu yapilmasi	1	4
tuvenan ne demek	1	4
tır kiralama ne kadar	1	4
uymanlar hafriyat bolu	1	4
uçucu kül özgül ağırlığı	1	4
yalova yılmazlar hafriyat	1	4
yeni bolu hafriyat	1	4
yenişehir kepçe kiralama	1	4
yetimler hafriyat çanakkale	1	4
yıkanmış kum nedir	1	4
yıkım ekibi nereden izlenir	1	4
yıkım kararı	1	4
yıkım kepçesi fiyatları	1	4
yılmazlar hafriyat yalova	1	4
zafer hafriyat	1	4
zemin dolgu malzemesi	1	4
zenginler hafriyat sakarya	1	4
çanakkale kum hotel fiyat	1	4
çanakkale çan hafriyat	1	4
çankırı kepçe kiralama	1	4
çağlar hafriyat şile	1	4
çimento fiyatları ankara	1	4
ümraniye belediyesi hafriyat alma	1	4
ünlü hafriyat	1	4
üsküdar belediyesi hafriyat	1	4
ırmak hafriyat	1	4
şevli kanal kazısı	1	4
şile çağlar hafriyat	1	4
03 kum ton fiyatı	1	5
1 metreküp kum kaç ton	1	5
1 ton dökme çimento fiyatı	1	5
1 ton inşaat kum fiyatı	1	5
1 ton mıcır fiyatı	1	5
1 torba çimento fiyatı 2026	1	5
alüminyum silobas nedir	1	5
angi hafriyat manisa	1	5
ankara jcb kiralama	1	5
antalya hafriyat yorumlar	1	5
antalyaspor hafriyat yolsuzluğu	1	5
arazi düzenleme nedir	1	5
arazi tesviye makinesi	1	5
arnavutköy belediyesi hafriyat	1	5
açık kanal kazısı	1	5
belediye kepçe kiralama	1	5
belediyeden hafriyat izni nasıl alınır	1	5
belediyeden moloz konteyneri nasıl alınır	1	5
bina yıkım sözleşmesi örneği	1	5
bolu zeki hafriyat	1	5
bostancıoğlu hafriyat sakarya	1	5
bursa moloz nakliye	1	5
büyük hafriyat kamyonu oyuncak	1	5
can hafriyat muğla	1	5
can kardeşler hafriyat arnavutköy	1	5
ceyhun hafriyat şile	1	5
dere kumu nedir	1	5
diş dolgu fiyatları 2026	1	5
dolgu fiyatları yüz	1	5
dolgu malzemesi fiyatları	1	5
dökme çimento pozu	1	5
edremit kepçe kiralık	1	5
ekskavatör kiralamak istiyorum	1	5
ekskavatör saatlik çalışma ücreti	1	5
emaar kum havuzu fiyat	1	5
emirhan silobas	1	5
eskişehir odunpazarı hafriyat	1	5
ets 2 hafriyat kamyonu modu	1	5
ford hafriyat kamyonu fiyatları	1	5
gebze silobas	1	5
granül kalsit fiyatları	1	5
güncel çimento fiyatları	1	5
hafif dolgu malzemesi	1	5
hafriyat arabası	1	5
hafriyat atığı yönetmeliği	1	5
hafriyat faaliyet kodu	1	5
hafriyat firmaları ne iş yapar	1	5
hafriyat geri dönüşüm tesisi	1	5
hafriyat iş ilanları istanbul	1	5
hafriyat işinde tevkifat var mı	1	5
hafriyat işlerinde isg	1	5
hafriyat kamyonları kaç ton taşır	1	5
hafriyat kamyonu almak mantıklı mı	1	5
hafriyat kamyonu boyu	1	5
hafriyat kamyonu ebatları	1	5
hafriyat kamyonu fort	1	5
hafriyat kamyonu hacmi	1	5
hafriyat kamyonu için hangi src belgesi gerekli	1	5
hafriyat kamyonu kazası istanbul	1	5
hafriyat kamyonu kaç litre mazot alır	1	5
hafriyat kamyonu kaç m3 moloz alır	1	5
hafriyat kamyonu modelleri	1	5
hafriyat kamyonu ne kadar toprak alır	1	5
hafriyat kamyonu tonaj	1	5
hafriyat kamyonu şikayet	1	5
hafriyat kazı pozu	1	5
hafriyat kepçe fiyatları	1	5
hafriyat logo vektörel	1	5
hafriyat nakliyesi tevkifat oranı	1	5
hafriyat osman özarslan	1	5
hafriyat pasta	1	5
hafriyat risk analizi	1	5
hafriyat sarı belge cezası	1	5
hafriyat tırı kaç m3	1	5
hafriyat ucreti	1	5
hafriyat van	1	5
hafriyat yol izin belgesi	1	5
hafriyat yönetim projesi	1	5
hafriyat öğütme makinesi	1	5
hafriyat şirketi isimleri	1	5
hafriyat şoför kartı başvurusu	1	5
ibb hafriyat kabul	1	5
ibb çevre koruma hafriyat	1	5
inşaat atığı nereye atılır	1	5
inşaat hafriyat hesaplama	1	5
inşaat kumu nerede satılır	1	5
inşaat malzemesi köpük fiyatları	1	5
izmit belediyesi hafriyat	1	5
iş makinesi kiralama sözleşmesi pdf	1	5
kalsitrioli valmisteet	1	5
kamyon filmleri türkçe dublaj izle	1	5
kamyon kiralama nace kodu	1	5
karakaya hafriyat eskişehir	1	5
kayalar hafriyat çanakkale	1	5
kazı işlerinde isg	1	5
kazı kazan ne kadar oldu	1	5
kazı kübaj hesaplama	1	5
kazı ve dolgu pozu	1	5
kentsel dönüşüm yıkım kararına itiraz dilekçesi	1	5
kepçe saatlik çalışma ücreti	1	5
kireç pompası fiyatları	1	5
kozmetik hammadde tedarikçileri	1	5
kum boya fiyat	1	5
kum fiyatları ankara	1	5
kum ve çakıl taşı nasıl ayrılır	1	5
kum çakıl sahili	1	5
kumsan kırma taş mıcır ocağı	1	5
kuvars kum fiyat	1	5
küçük kamyon leo izle	1	5
küçük nakliye fiyatları	1	5
kırmataş birim hacim ağırlığı	1	5
manisa gökçe hafriyat	1	5
mercedes kamyon fiyat listesi	1	5
mermer tezgah	1	5
mermer tozu boya rengi	1	5
moloz akması nedir	1	5
moloz atma bacası	1	5
moloz döküm cezası	1	5
moloz toplama bursa	1	5
moloz çuvalı kaç para	1	5
muğla prefabrik inşaat hafriyat çelik konut	1	5
mıcır fiyatları istanbul	1	5
nakliye fiyatları ankara	1	5
nasip hafriyat bolu	1	5
niğde kepçe kiralama	1	5
okt silobas	1	5
polimerik kum fiyat	1	5
pvc hammadde fiyatları	1	5
rc hafriyat kamyonu	1	5
silobas ankara	1	5
silobas blower	1	5
silobas dorse sahibinden	1	5
silobas hortum fiyatları	1	5
silobas işi nasıl yapılır	1	5
silobas kamyon ölçüleri	1	5
silobas kasa	1	5
silobas küresel vana	1	5
silobas markaları	1	5
silobas patladı	1	5
silobas src belgesi	1	5
silobas yem	1	5
stabilize ton fiyatı	1	5
temel kavramlar ders notları pdf	1	5
temel kazısında dikkat edilecek hususlar	1	5
tire kepçe kiralama	1	5
toprak dolgu hesaplama	1	5
tuvenan vanadyum fiyatı ne kadar	1	5
tır kiralama sözleşmesi	1	5
tırsan silobas	1	5
yalova altınova hafriyat	1	5
yozgat kepçe kiralama	1	5
yıkanmış kumaştan yağ lekesi nasıl çıkar	1	5
yıkım makinesi fiyatları	1	5
yıkım ruhsatı için gerekli evraklar	1	5
yıkım ruhsatı sorgulama	1	5
zenginler hafriyat	1	5
çakıl adası fiyatları	1	5
çanakkale kurt hafriyat inşaat yorumlar	1	5
çerkezköy özkanlar hafriyat	1	5
çimento fiyatları 2026 50 kg	1	5
çin kazı fiyatları	1	5
çiğli kepçe kiralama	1	5
üyük hafriyat fethiye	1	5
ısparta hafriyat firmaları	1	5
şile yolunda hafriyat kamyonu kazası	1	5
0.5 kum ton fiyatı	1	6
1 kamyon kaç ton çakıl alır	1	6
1 ton kömür fiyatı	1	6
1 ton mıcır fiyatı izmir	1	6
42 5 dökme çimento fiyatı	1	6
alüminyum silobas	1	6
antalya hafriyat yolsuzluğu	1	6
arazi düzenlemesine tabidir belirtmesi neyi ifade eder	1	6
arazi tesviye makinaları	1	6
arnavutköy mavi göl hafriyat	1	6
aydın kaya hafriyat muğla	1	6
balıkesir hafriyatçılar	1	6
bekomsan silobas kompresörü	1	6
berberoğlu hafriyat yalova	1	6
beyaz çimento fiyatları	1	6
bina yıkım planı örneği word	1	6
bina yıkımı ne kadar sürer	1	6
bodrum kepçe kiralama	1	6
bolu uymanlar hafriyat	1	6
büyük hafriyat kamyonu şok	1	6
cat hafriyat kamyonu	1	6
dere kumunda bitki yetişir mi	1	6
derz dolgu malzemesi	1	6
dolgu fiyatları özel	1	6
dolgu malzemesi pozu	1	6
duvar yıkım fiyatları	1	6
dökme çimento nakliyesi	1	6
ekskavatör operatörü saatlik ücret	1	6
ersin hafriyat çanakkale	1	6
eskişehir karakaya hafriyat	1	6
eskişehir silobas	1	6
ford kamyon fiyat listesi	1	6
gebze belediyesi hafriyat	1	6
geofoam dolgu fiyatları	1	6
giresun kepçe kiralama	1	6
güven silobas telefon numarası	1	6
güç hafriyat bolu	1	6
hafriyat atığı	1	6
hafriyat bilgi yönetim sistemi	1	6
hafriyat elazığ	1	6
hafriyat gemisi	1	6
hafriyat hafriyat mı	1	6
hafriyat harcı hesaplama	1	6
hafriyat ingilizce	1	6
hafriyat işi yapanlar	1	6
hafriyat işleri nedir	1	6
hafriyat kamyonu ağırlığı	1	6
hafriyat kamyonu brandası	1	6
hafriyat kamyonu ingilizce	1	6
hafriyat kamyonu kazası	1	6
hafriyat kamyonu kaç litre mazot yakar	1	6
hafriyat kamyonu kaç ton yük taşır	1	6
hafriyat kamyonu km ne kadar yakar	1	6
hafriyat kamyonu maket	1	6
hafriyat kamyonu takip sistemi	1	6
hafriyat kazı planı	1	6
hafriyat logo tasarım	1	6
hafriyat malzemeleri	1	6
hafriyat ne demek tdk	1	6
hafriyat osmaniye	1	6
hafriyat planı	1	6
hafriyat reklam sözleri	1	6
hafriyat sistemi	1	6
hafriyat taahhütnamesi örneği	1	6
hafriyat toprağı inşaat ve yıkıntı atıkları	1	6
hafriyat ve nakliyat	1	6
hafriyat yönetim	1	6
hafriyat öğütücü	1	6
hafriyat şirketi ne kadar kazanır	1	6
hafriyat şoförü	1	6
hagen kum fiyat	1	6
haşimoğlu silobas	1	6
hurda moloz konteyneri	1	6
inegöl kepçe kiralama	1	6
inşaat atığına ne denir	1	6
inşaat kumu fiyatı 2026	1	6
inşaat malzemesi tuğla fiyatları	1	6
istanbul anadolu yakası hafriyat döküm yerleri	1	6
istanbul da hafriyat kamyonu kazası	1	6
iş makinesi kiralama ihalesi	1	6
jcb aylık kiralama	1	6
kahramanmaraş hafriyat döküm sahası	1	6
kalsit taşı faydaları	1	6
kamyon kiralama ankara	1	6
kamyon çizgi film izle türkçe	1	6
kayaç kaya taş çakıl kum toprak sıralaması	1	6
kazi ve dolgu işleri birim fiyat	1	6
kazı dolgu hesaplama	1	6
kazı işleri toolbox	1	6
kazı kazandan ne kadar vergi kesiliyor	1	6
kentsel dönüşüm yıkım ücreti	1	6
kepçe kum fiyat	1	6
konyalı hafriyat	1	6
kum beyazı boya fiyat	1	6
kum fiyatları istanbul	1	6
kum çakıl(bedeli hariç) nakli	1	6
kumaş kırpma makinesi	1	6
kırmataş nakli	1	6
manisa salihli hafriyat	1	6
menemen kepçe kiralama	1	6
mermer tozu boya	1	6
metsan silobas	1	6
mikronize kalsit fiyatları	1	6
mini ekskavatör kiralama	1	6
mini kepçe saatlik ücret	1	6
moloz akçaabat arası kaç km	1	6
moloz atma borusu	1	6
moloz atığı nedir	1	6
moloz camii trabzon	1	6
moloz dex	1	6
moloz döküm sahası izmir	1	6
moloz çuvalı toptan fiyatları	1	6
muğla büyükşehir belediyesi hafriyat	1	6
mıcır fiyatları eskişehir	1	6
nakliye fiyatları antalya	1	6
nevşehir kepçe kiralama	1	6
otomatik silobas kapağı	1	6
pe hammadde fiyatları	1	6
plastik hammadde tedarikçileri	1	6
rüyada hafriyat kamyonu devrilmesi	1	6
sakarya kaynarca hafriyat	1	6
satılık silobas dorse	1	6
sezerler hafriyat sakarya	1	6
silobas dolum	1	6
silobas imalatı	1	6
silobas parçaları	1	6
silobas tır fiyatları	1	6
silobas yıkama	1	6
silobase	1	6
sincan moloz nakliye	1	6
sivas kepçe kiralama	1	6
stabilize dolgu malzemesi fiyatı	1	6
stabilize dolgu yapılması	1	6
stabilize malzeme ile dolgu yapilmasi	1	6
sönmüş kireç fiyatları	1	6
temel kavramlar kazanım testleri	1	6
toprak dolgu birim hacim ağırlığı	1	6
toulouse kazı fiyatları	1	6
tuvenan kablo kanalı nedir	1	6
tuvenan kum	1	6
tuzla nakliye fiyatları	1	6
tır kiralama fiyatları 2026	1	6
uzyar hafriyat manisa	1	6
uçucu külün betona etkisi	1	6
uşak hafriyat firmaları	1	6
yalova çınar hafriyat	1	6
yağcıoğlu hafriyat iznik	1	6
yıkanmış kumaş tişört	1	6
yıkım ekibi izle 2026	1	6
yıkım hafriyat firmaları	1	6
yıkım yönetmeliği	1	6
yıldız hafriyat gebze	1	6
yılmaz hafriyat balıkesir	1	6
zemin hafriyat	1	6
çakıl taşı fiyatları bursa	1	6
çanakkale ayvacık hafriyat	1	6
çayyolu kepçe kiralama	1	6
çimento fiyatları grafik	1	6
çimento silobas kaç ton	1	6
çimento torba fiyatı 25 kg	1	6
üşenmez hafriyat aksaray	1	6
ışıklar hafriyat	1	6
şile ceyhun hafriyat	1	6
1 ton mıcır fiyatı 2025 fiyatları	1	7
1 ton mıcır kaç m3	1	7
1 ton odun fiyatları	1	7
1 torba çimento fiyatı 2025	1	7
2 el silobas	1	7
abs hammadde fiyatları	1	7
ankara büyükşehir belediyesi hafriyat döküm yerleri	1	7
ankara hafriyat döküm fiyatları	1	7
ankara hafriyat döküm ücreti	1	7
ankara hafriyat uygulaması	1	7
ankara silobas is ilanları	1	7
antalya hafriyat yönetim bilgi sistemi	1	7
antalya moloz nakliye	1	7
arnavutköy bolluca göleti hafriyat	1	7
arsa arazi düzenleme yönetmeliği	1	7
avcılar jcb kiralama	1	7
balıkesir büyükşehir hafriyat	1	7
balıkesir silobas	1	7
batman kepçe kiralama	1	7
belediye moloz toplama ücreti 2026	1	7
beyaz çimento ton fiyatı	1	7
bina yıkımı kaç gün sürer	1	7
bolu güç hafriyat	1	7
bypass dolgu malzemesi	1	7
cargo hafriyat kamyonu	1	7
deniz kardeşler hafriyat şile yorumları	1	7
dere kumundan altın çıkarma	1	7
diş dolgu fiyatları 2025	1	7
dolgu fiyatları diş 2026	1	7
dolgu malzemesi temini ve kullanilmasi	1	7
dsi kazı ve dolgu işleri teknik şartnamesi	1	7
dursunlar hafriyat manisa	1	7
ekskavatör 1 saatlik ücreti	1	7
emden kazı fiyatları	1	7
erdemli kepçe kiralama	1	7
eskişehir büyükşehir hafriyat	1	7
gaziemir kepçe kiralama	1	7
gebze belediyesi hafriyat toplama	1	7
gültaş hafriyat nakliye inşaat san ve tic ltd şti	1	7
gıda hammadde tedarikçileri	1	7
hafriyat alanı hesaplama	1	7
hafriyat aracı	1	7
hafriyat bertaraf bedeli	1	7
hafriyat cafe	1	7
hafriyat dorse lastiği	1	7
hafriyat ehliyeti	1	7
hafriyat işi yapılır mı	1	7
hafriyat işlerinde tevkifat varmı	1	7
hafriyat kamyonu ankara	1	7
hafriyat kamyonu boyutları	1	7
hafriyat kamyonu denize düştü	1	7
hafriyat kamyonu işi	1	7
hafriyat kamyonu kadını ezdi	1	7
hafriyat kamyonu kaç ton toprak alır	1	7
hafriyat kamyonu kirası ne kadar	1	7
hafriyat kamyonu sofor ilanlari	1	7
hafriyat kamyonu takograf kullanımı	1	7
hafriyat ltd şti	1	7
hafriyat mı	1	7
hafriyat nakliyat	1	7
hafriyat oyuncak	1	7
hafriyat ruhsatı nasıl alınır	1	7
hafriyat sözleşmesi örneği word	1	7
hafriyat taşıma kdv tevkifatı	1	7
hafriyat vektörel	1	7
hafriyat yoğunluğu	1	7
hafriyat çalışma fişi	1	7
hafriyat şarkıları	1	7
hafriyat şirketi ne iş yapar	1	7
hatay silobas	1	7
ibb hafriyat şöför kartı başvurusu	1	7
inşaat atığı geri dönüşüm tesisleri	1	7
inşaat hafriyat fiyatları	1	7
inşaat kireç fiyatları	1	7
inşaat kumunda bitki yetişir mi	1	7
inşaat malzemesi briket fiyatları	1	7
iskenderoğlu hafriyat yalova	1	7
istanbul da hafriyat fiyatları	1	7
istanbul hafriyatçılar derneği	1	7
izmir hafriyat yönetim bilgi sistemi	1	7
iş makinesi kiralama tevkifat kodu	1	7
jcb kepçe saatlik ücret	1	7
kalsit strafor kaplama	1	7
kalsit tesbih fiyatları	1	7
kalsitonin yüksekliği	1	7
kamyon kaç ton taşır	1	7
kamyon kiralama istanbul	1	7
kamyon oyunu apk indir	1	7
kayıp kamyon filmi full izle	1	7
kazı alanı hesaplama	1	7
kazı hafriyat tevkifat oranları	1	7
kazı işlerinde tevkifat	1	7
kazı kazanlar ne kadar	1	7
kentsel dönüşüm yıkım süresi	1	7
kirmataş şose ve asfalt sökülmesi	1	7
konya ereğli hafriyat	1	7
konyaaltı hafriyat	1	7
kum fiyatları izmir	1	7
kum tanesi küçük kamera fiyat	1	7
kum çakıl yoğunluğu	1	7
kumbara kırma	1	7
kurt hafriyat gebze	1	7
küçük kepçe kiralama	1	7
malatya hafriyat döküm sahası	1	7
mamak hafriyat döküm alanı	1	7
manisa uzyar hafriyat	1	7
mermer tozu tavuğa nasıl verilir	1	7
mikro çimento fiyatları	1	7
milas kepçe kiralama	1	7
milenyum silobas	1	7
moloz atma kulesi	1	7
moloz kum nedir	1	7
moloz çöpleri nereye atılır	1	7
molozcu	1	7
mıcır fiyatları 2025	1	7
orta hasarlı bina yıkım kararı	1	7
otomatik hafriyat kamyonu	1	7
patlayan silobas	1	7
pet hammadde fiyatları	1	7
polisan kum beyazı fiyat	1	7
rüyada hafriyat kamyonu	1	7
sahibinden silobas dorse	1	7
sakarya kral hafriyat	1	7
servi hafriyat eskişehir	1	7
silah hafriyat sakarya	1	7
silobas d or	1	7
silobas dorse ne taşır	1	7
silobas iş ilanı	1	7
silobas nasıl doldurulur	1	7
silobas tankı nedir	1	7
silobas treyler	1	7
stabilize dolgu birim fiyat	1	7
stabilize dolgu m3 fiyatı	1	7
stabilize malzeme temini serilmesi ve sıkıştırılması	1	7
temel kazısında çalışma payı	1	7
tesviyeli arazi ne demek	1	7
tezcan hafriyat çanakkale	1	7
toprak dolgu malzemesi	1	7
traktör kepçe kiralama	1	7
tuvana türkay	1	7
tüvenan nedir	1	7
tır kiralamak ne kadar kazandırır	1	7
uzyar hafriyat	1	7
uçucu küllü çimento	1	7
yalova bedirhan hafriyat	1	7
yetimoğlu hafriyat balıkesir	1	7
yıkanmış keten kumaş	1	7
yıkım birim fiyatları	1	7
yıkım hafriyat ihaleleri	1	7
yıkım şantiye şefliği sözleşmesi	1	7
zeki hafriyat bolu	1	7
zeybek hafriyat	1	7
çakıl mıcır fiyatları	1	7
çakıllı kum ton fiyatı	1	7
çanakkale yenice hafriyat	1	7
çeşme kepçe kiralama	1	7
çimento fiyatları güncel	1	7
çimento silobas satılık	1	7
çimento torba fiyatı güncel	1	7
özdemireller hafriyat	1	7
özkanlar hafriyat çerkezköy	1	7
ünye hafriyat firmaları	1	7
ışık hafriyat akyazı	1	7
şehirlerarası nakliye fiyatları	1	7
1 ton moloz kaç m3	1	8
10 ton mıcır fiyatı	1	8
2 el silobas kompresör	1	8
albayrak silobas	1	8
antalya hafriyat bilgi sistemi	1	8
arazi arsa düzenlemesi yönetmeliği	1	8
balıkesir gönen hafriyat firmaları	1	8
belediye moloz toplama ücreti 2025	1	8
beton çakıl fiyatları	1	8
bobcat kepçe kiralama	1	8
bolu esen hafriyat	1	8
bozer silobas	1	8
bursa jcb kiralık	1	8
cadde hafriyat manisa	1	8
dere kumu m3 fiyatı	1	8
derya yikim hafriyat ve geri dönüşüm	1	8
dolgu fiyatları estetik	1	8
dolgu malzemesi köpük	1	8
dökme çimento yoğunluğu	1	8
en ucuz inşaat malzemesi fiyatları	1	8
gaziantep hafriyat firmaları	1	8
gebze yoldere hafriyat	1	8
görükle kepçe kiralama	1	8
hafriyat aracı şoför izin belgesi	1	8
hafriyat bilgi	1	8
hafriyat damperi	1	8
hafriyat en çok oy alanlar	1	8
hafriyat grupları	1	8
hafriyat hatay	1	8
hafriyat isimleri	1	8
hafriyat istac istanbul	1	8
hafriyat işlerinde kdv tevkifatı var mı	1	8
hafriyat kamyon ücretleri	1	8
hafriyat kamyonu 2 el	1	8
hafriyat kamyonu altında kaldı	1	8
hafriyat kamyonu ayda ne kadar kazanır	1	8
hafriyat kamyonu damper kaldırma	1	8
hafriyat kamyonu k belgesi	1	8
hafriyat kamyonu kantara girer mi	1	8
hafriyat kamyonu kaç metreküp toprak alır	1	8
hafriyat kamyonu ne işe yarar	1	8
hafriyat kamyonu sözleri	1	8
hafriyat kamyonu tdk	1	8
hafriyat listesi	1	8
hafriyat makineleri	1	8
hafriyat operasyonu	1	8
hafriyat parası	1	8
hafriyat risk analizi örneği	1	8
hafriyat sahası	1	8
hafriyat taşımak için gerekli belgeler	1	8
hafriyat toprağı ile inşaat ve yıkıntı atıklarının yönetimi yönetmeliği	1	8
hafriyat tır şöförü iş ilanları	1	8
hafriyat ve moloz	1	8
hafriyat şarkıları dinle	1	8
hafriyat şirketi logo	1	8
halil hafriyat bolu	1	8
hdpe hammadde fiyatları	1	8
ilaç hammadde tedarikçileri	1	8
incek kepçe kiralama	1	8
inşaat atığı nedir	1	8
inşaat hafriyat yönetmeliği	1	8
inşaat kumu metreküp fiyatı	1	8
istanbul da hafriyat firmaları	1	8
iş makinesi kiralama ücreti	1	8
kaba kum fiyat	1	8
kaba kum ton fiyatı	1	8
kahramankazan hafriyat döküm sahası	1	8
kalsitriol	1	8
kamyon kiralama tevkifat kodu	1	8
kartal hafriyat ankara	1	8
kazı dolgu formeni arayan firmalar	1	8
kazı hafriyat nace kodu	1	8
kazı harcı hesaplama	1	8
kazı işleri risk analizi	1	8
kazı kazan fiyatları 2025	1	8
kazı kazan ne kadar ikramiye veriyor	1	8
kentsel dönüşüm yıkım ruhsatı kaç günde çıkar	1	8
konya kocaerler hafriyat	1	8
kral hafriyat sakarya	1	8
kum çakıl nakli	1	8
kırmataş fiyatları	1	8
manavgat kepçe kiralama	1	8
manisa alaşehir hafriyat firmaları	1	8
marmara silobas	1	8
marshall kum beyazı fiyat	1	8
mermer tozu duvar paneli	1	8
milas hafriyat döküm sahası	1	8
mini ekskavatör kiralama fiyatları	1	8
miran hafriyat gebze	1	8
moloz atma bacası fiyatları	1	8
moloz atık konteyneri	1	8
moloz döken nereye şikayet edilir	1	8
moloz dökmenin cezası nedir	1	8
moloz döküm fiyatları	1	8
mtk hafriyat nakliye inşaat sanayi ve ticaret limited şirketi	1	8
muğla prefabrik inşaat hafriyat çelik konut fotoğraflar	1	8
mıcır fiyatları antalya	1	8
nakliyat fiyatları hesaplama	1	8
paletli ekskavatör saatlik ücreti	1	8
portland çimento ton fiyatı	1	8
poyraz hafriyat kepçe kiralama avcılar esenyurt beylikdüzü	1	8
sakarya aygün hafriyat	1	8
samsun kepçe kiralama	1	8
satılık hafriyat kamyonu ford cargo	1	8
silobas kullanımı	1	8
silobas nasıl yazılır	1	8
silobas tamiri	1	8
stabilize dolgu malzemesi pozu	1	8
stabilize malzeme ile dolgu pozu	1	8
sıva kireç fiyatları	1	8
tel kırma kumaşı	1	8
toprak dolgulu temel	1	8
trabzon moloz nakliye	1	8
turgutlu kepçe kiralama	1	8
tüvenan dolgu	1	8
tır kiralama fiyatları 2025	1	8
umut hafriyat	1	8
van hafriyat kamyonu	1	8
yalova gedik hafriyat	1	8
yatay silobas	1	8
yeniçiftlik kepçe kiralama	1	8
yıkım belgesi fiyatları	1	8
yılmaz arazi tesviye	1	8
zengin hafriyat	1	8
çanakkale bayramiç hafriyat	1	8
çavdar hafriyat balıkesir	1	8
çimento fiyatlarına zam geldi mi	1	8
çimento torba fiyatı konya	1	8
özbüker hafriyat	1	8
ünal hafriyat çanakkale	1	8
üçler hafriyat	1	8
ılgın hafriyat	1	8
şahin hafriyat yalova	1	8
şanlı hafriyat eskişehir	1	8
şanlıurfa hafriyat kamyonu	1	8
1 ton mıcır fiyatı ankara	1	9
30 tonluk ekskavatör saatlik ücreti	1	9
4 silobas hortumu	1	9
akdeniz hafriyat sakarya	1	9
aktürk hafriyat nakliye ve taahhüt ticaret ltd şti	1	9
ankara ekskavatör kiralık	1	9
ankara hafriyatçılar derneği	1	9
antalya hafriyat operasyonu	1	9
antalya hafriyatçılar odası	1	9
balıkesir yılmaz hafriyat	1	9
başakşehir jcb kiralama	1	9
belediye hafriyat ücreti ankara	1	9
belediye inşaat atığı toplama	1	9
belediye moloz toplama telefon numarası	1	9
bizim hafriyat çerkezköy	1	9
bolu nasip hafriyat	1	9
bornova kepçe kiralama	1	9
boya hammadde tedarikçileri	1	9
buca belediyesi moloz konteyner fiyatları	1	9
bursa hafriyat fiyatları	1	9
bursa hafriyatçılar	1	9
dere kumu nasıl olur	1	9
dolgu fiyatları 2026 yüz	1	9
dolgu malzemesi yoğunluğu	1	9
dökme çimento silobas	1	9
egimli arazi düzenleme	1	9
ev yıkım fiyatları	1	9
gebze altınkaya hafriyat	1	9
hafriyat amaç ve konu	1	9
hafriyat borusu	1	9
hafriyat dolgu izni	1	9
hafriyat döküm sistemi	1	9
hafriyat elbistan	1	9
hafriyat fatura örneği	1	9
hafriyat görselleri	1	9
hafriyat işinde kdv tevkifatı var mı	1	9
hafriyat işlerinde iş güvenliği	1	9
hafriyat kamyonu almak	1	9
hafriyat kamyonu kaç ton kum alır	1	9
hafriyat kamyonu kullanmak için gerekli belgeler	1	9
hafriyat kamyonu nace kodu	1	9
hafriyat kamyonu sigortası ne kadar	1	9
hafriyat kamyonu sıfır	1	9
hafriyat lojistik	1	9
hafriyat makinesi	1	9
hafriyat miktarı hesaplama	1	9
hafriyat nereye dökülür	1	9
hafriyat ofisi	1	9
hafriyat pastası	1	9
hafriyat reklamı	1	9
hafriyat taahhütnamesi	1	9
hafriyat taşıma	1	9
hafriyat toprağı inşaat ve yıkıntı atıkları taşıma ve kabul belgesi	1	9
hafriyat vakum makinesi	1	9
hafriyat yönetmelik	1	9
hafriyat yıkım belgesi nasıl alınır	1	9
hafriyat çeker lastik	1	9
hafriyat şarkıcı	1	9
hafriyat şirketi kurma maliyeti	1	9
hatay hafriyat kamyonu	1	9
hedonistic noise hafriyat kamyonu lyrics	1	9
hilal hafriyat gebze	1	9
hybs hafriyat	1	9
ikinci el silobas fiyatları	1	9
inşaat kalıp malzemesi pleymut fiyatları	1	9
inşaat kumu kedi için kullanılır mı	1	9
iznik kepçe kiralama	1	9
iş makinesi kiralama muhasebe kaydı	1	9
kalsitonin görevi	1	9
kars kazı fiyatları 2025	1	9
kartal hafriyat bilecik	1	9
kartaloğlu hafriyat	1	9
kayseri mini kepçe kiralama	1	9
kazı dolgu hesabı	1	9
kazı hafriyat fiyatları	1	9
kazı işlerinde alınması gereken önlemler	1	9
kazı kazandan ne kadar çıkar	1	9
kazı miktarı hesaplama	1	9
kentsel dönüşüm yıkım kararı kiracı tahliye	1	9
kocaeli hafriyatçılar	1	9
konya ereğli hafriyat firmaları	1	9
konyada hafriyat kamyonu kazası	1	9
kum çakıl pozu	1	9
kırma taş kumu	1	9
kırmataş yoğunluğu	1	9
kırıkkale kepçe kiralama	1	9
lazerli arazi tesviyesi	1	9
mamak hafriyat döküm sahası iletişim	1	9
manisa saruhanlı hafriyat	1	9
mermer tozu ve çimento karışımı	1	9
metsan silobas ankara	1	9
moloz atmak için ne yapmalı	1	9
moloz cafe	1	9
moloz dökenler nereye şikayet edilir	1	9
moloz dökme ücreti	1	9
moloz taş duvar nedir	1	9
moloz taşı fiyatları	1	9
moloz trabzon arası kaç km	1	9
muğla şener oğulları hafriyat	1	9
mıcır fiyatları ne kadar	1	9
nakliyat fiyatları 2026	1	9
orjinal hammadde fiyatları	1	9
polisan kum beji fiyat	1	9
poyraz hafriyat kepçe kiralama avcılar esenyurt beylikdüzü yorumlar	1	9
sakarya sezerler hafriyat	1	9
sancak silobas	1	9
silobas dolumu nasıl yapılır	1	9
silobas ne işe yarar	1	9
stabilize dolgu poz no	1	9
stabilize malzemenin serilmesi ve sıkıştırılması	1	9
temel hafriyat bolu	1	9
toprak dolgu fiyatı	1	9
torba kireç fiyatları	1	9
tuvenan dolgu pozu	1	9
tır kiralama getirisi	1	9
uysal hafriyat	1	9
uzunlar hafriyat düzce	1	9
vadeli hafriyat kamyonu	1	9
yazıcılar hafriyat yalova	1	9
yem silobas fiyatları	1	9
yıkanmış silis kumu	1	9
zeybek hafriyat urla	1	9
çakıl taşı fiyatları ankara	1	9
çetin hafriyat eskişehir	1	9
çetinkaya hafriyat manisa	1	9
çimento torba fiyatı nedir	1	9
özhan hafriyat balıkesir	1	9
öztaşoğlu hafriyat	1	9
üstün hafriyat yorumları	1	9
ışık hafriyat amasya	1	9
